cust_id,account_length,churned
0,128.0, False.
1,107.0, False.
2,137.0, False.
3,84.0, False.
4,75.0, False.
5,118.0, False.
6,121.0, False.
7,147.0, False.
8,117.0, False.
9,141.0, False.
10,65.0, True.
11,74.0, False.
12,168.0, False.
13,95.0, False.
14,62.0, False.
15,161.0, True.
16,85.0, False.
17,93.0, False.
18,76.0, False.
19,73.0, False.
20,147.0, False.
21,77.0, True.
22,130.0, False.
23,111.0, False.
24,132.0, False.
25,174.0, False.
26,57.0, False.
27,54.0, False.
28,20.0, False.
29,49.0, False.
30,142.0, False.
31,75.0, False.
32,172.0, False.
33,12.0, True.
34,57.0, False.
35,72.0, False.
36,36.0, False.
37,78.0, False.
38,136.0, False.
39,149.0, False.
40,98.0, False.
41,135.0, True.
42,34.0, False.
43,160.0, False.
44,64.0, False.
45,59.0, False.
46,65.0, False.
47,142.0, False.
48,119.0, True.
49,97.0, False.
50,52.0, False.
51,60.0, False.
52,10.0, False.
53,96.0, False.
54,87.0, True.
55,81.0, False.
56,141.0, False.
57,121.0, True.
58,68.0, False.
59,125.0, False.
60,174.0, False.
61,116.0, False.
62,74.0, False.
63,149.0, False.
64,38.0, False.
65,40.0, False.
66,43.0, False.
67,113.0, False.
68,126.0, False.
69,150.0, True.
70,138.0, False.
71,162.0, False.
72,147.0, False.
73,90.0, False.
74,85.0, False.
75,50.0, False.
76,82.0, True.
77,144.0, True.
78,46.0, False.
79,70.0, False.
80,144.0, False.
81,116.0, False.
82,55.0, False.
83,70.0, False.
84,106.0, True.
85,128.0, False.
86,94.0, True.
87,111.0, False.
88,74.0, False.
89,128.0, True.
90,82.0, False.
91,155.0, True.
92,80.0, False.
93,78.0, False.
94,90.0, False.
95,104.0, False.
96,73.0, False.
97,99.0, False.
98,120.0, True.
99,77.0, True.
100,98.0, False.
101,108.0, False.
102,135.0, False.
103,95.0, False.
104,122.0, False.
105,95.0, False.
106,36.0, False.
107,93.0, False.
108,141.0, False.
109,157.0, False.
110,120.0, False.
111,103.0, False.
112,98.0, False.
113,125.0, False.
114,63.0, False.
115,36.0, True.
116,64.0, False.
117,74.0, True.
118,112.0, False.
119,97.0, False.
120,46.0, False.
121,41.0, False.
122,121.0, False.
123,193.0, False.
124,130.0, False.
125,85.0, False.
126,162.0, True.
127,61.0, True.
128,92.0, False.
129,131.0, False.
130,90.0, False.
131,75.0, False.
132,78.0, False.
133,82.0, False.
134,163.0, False.
135,91.0, False.
136,75.0, False.
137,91.0, False.
138,127.0, False.
139,113.0, False.
140,110.0, False.
141,120.0, False.
142,157.0, False.
143,103.0, False.
144,117.0, True.
145,140.0, False.
146,127.0, False.
147,83.0, False.
148,121.0, False.
149,145.0, False.
150,113.0, False.
151,117.0, False.
152,65.0, False.
153,56.0, False.
154,96.0, False.
155,151.0, False.
156,83.0, True.
157,139.0, False.
158,6.0, False.
159,115.0, False.
160,87.0, False.
161,141.0, False.
162,141.0, False.
163,62.0, False.
164,146.0, False.
165,92.0, False.
166,185.0, False.
167,148.0, False.
168,94.0, False.
169,32.0, False.
170,68.0, False.
171,64.0, False.
172,25.0, False.
173,65.0, False.
174,179.0, False.
175,94.0, False.
176,62.0, False.
177,127.0, False.
178,116.0, False.
179,70.0, False.
180,94.0, False.
181,126.0, True.
182,67.0, False.
183,19.0, False.
184,170.0, False.
185,73.0, False.
186,106.0, False.
187,93.0, False.
188,164.0, False.
189,51.0, False.
190,107.0, False.
191,130.0, False.
192,80.0, False.
193,94.0, False.
194,118.0, False.
195,117.0, False.
196,78.0, False.
197,208.0, True.
198,131.0, True.
199,63.0, False.
200,53.0, False.
201,62.0, False.
202,97.0, False.
203,105.0, False.
204,157.0, False.
205,66.0, False.
206,122.0, False.
207,38.0, False.
208,106.0, False.
209,99.0, False.
210,99.0, False.
211,144.0, False.
212,82.0, False.
213,86.0, False.
214,70.0, True.
215,93.0, False.
216,93.0, False.
217,120.0, False.
218,136.0, True.
219,106.0, False.
220,81.0, False.
221,127.0, False.
222,65.0, False.
223,35.0, False.
224,88.0, False.
225,65.0, False.
226,123.0, False.
227,126.0, False.
228,104.0, False.
229,45.0, False.
230,93.0, True.
231,63.0, False.
232,100.0, False.
233,53.0, False.
234,92.0, False.
235,139.0, True.
236,110.0, False.
237,110.0, False.
238,215.0, False.
239,73.0, False.
240,138.0, False.
241,137.0, True.
242,36.0, False.
243,85.0, False.
244,108.0, True.
245,22.0, False.
246,107.0, False.
247,51.0, False.
248,94.0, False.
249,119.0, False.
250,33.0, True.
251,106.0, False.
252,82.0, False.
253,86.0, False.
254,97.0, False.
255,106.0, False.
256,108.0, False.
257,114.0, False.
258,92.0, True.
259,59.0, False.
260,24.0, False.
261,151.0, False.
262,117.0, False.
263,78.0, False.
264,155.0, False.
265,114.0, False.
266,114.0, False.
267,119.0, False.
268,64.0, False.
269,118.0, False.
270,101.0, False.
271,117.0, False.
272,49.0, False.
273,139.0, False.
274,92.0, False.
275,83.0, False.
276,148.0, False.
277,144.0, True.
278,131.0, False.
279,146.0, False.
280,143.0, False.
281,81.0, False.
282,48.0, False.
283,86.0, False.
284,71.0, False.
285,145.0, False.
286,137.0, False.
287,137.0, False.
288,167.0, False.
289,89.0, True.
290,199.0, False.
291,132.0, False.
292,94.0, False.
293,96.0, True.
294,96.0, False.
295,166.0, False.
296,74.0, False.
297,36.0, False.
298,113.0, False.
299,94.0, False.
300,67.0, False.
301,127.0, True.
302,121.0, True.
303,158.0, False.
304,136.0, False.
305,196.0, False.
306,113.0, True.
307,122.0, True.
308,112.0, False.
309,209.0, False.
310,62.0, True.
311,110.0, False.
312,16.0, False.
313,73.0, False.
314,128.0, False.
315,39.0, False.
316,103.0, False.
317,119.0, False.
318,173.0, False.
319,128.0, True.
320,86.0, False.
321,114.0, False.
322,104.0, False.
323,148.0, False.
324,129.0, False.
325,100.0, False.
326,121.0, False.
327,143.0, False.
328,76.0, False.
329,158.0, False.
330,116.0, False.
331,54.0, True.
332,86.0, True.
333,108.0, False.
334,66.0, False.
335,151.0, False.
336,99.0, False.
337,55.0, False.
338,77.0, False.
339,78.0, False.
340,89.0, True.
341,101.0, False.
342,44.0, False.
343,98.0, False.
344,64.0, False.
345,141.0, False.
346,81.0, False.
347,162.0, False.
348,83.0, False.
349,100.0, True.
350,59.0, False.
351,179.0, False.
352,79.0, False.
353,117.0, False.
354,64.0, True.
355,31.0, False.
356,124.0, False.
357,122.0, False.
358,37.0, False.
359,90.0, False.
360,159.0, True.
361,148.0, False.
362,39.0, False.
363,77.0, False.
364,194.0, False.
365,154.0, True.
366,112.0, False.
367,45.0, False.
368,132.0, False.
369,128.0, False.
370,135.0, False.
371,56.0, False.
372,151.0, True.
373,32.0, False.
374,90.0, False.
375,87.0, False.
376,138.0, False.
377,79.0, False.
378,95.0, True.
379,127.0, False.
380,137.0, False.
381,97.0, False.
382,149.0, False.
383,117.0, False.
384,84.0, False.
385,137.0, False.
386,99.0, False.
387,54.0, False.
388,85.0, False.
389,150.0, False.
390,43.0, False.
391,35.0, False.
392,98.0, False.
393,112.0, False.
394,16.0, True.
395,98.0, False.
396,84.0, False.
397,94.0, True.
398,84.0, False.
399,66.0, True.
400,98.0, False.
401,74.0, False.
402,96.0, False.
403,119.0, False.
404,73.0, False.
405,92.0, False.
406,21.0, False.
407,122.0, True.
408,133.0, False.
409,145.0, False.
410,25.0, False.
411,64.0, False.
412,85.0, False.
413,126.0, False.
414,76.0, False.
415,113.0, True.
416,224.0, True.
417,117.0, False.
418,128.0, False.
419,115.0, False.
420,141.0, False.
421,51.0, False.
422,100.0, False.
423,96.0, False.
424,112.0, False.
425,129.0, False.
426,163.0, False.
427,67.0, False.
428,140.0, False.
429,49.0, False.
430,46.0, True.
431,148.0, False.
432,112.0, False.
433,78.0, False.
434,61.0, False.
435,58.0, False.
436,155.0, False.
437,100.0, True.
438,113.0, False.
439,81.0, False.
440,135.0, False.
441,99.0, False.
442,59.0, False.
443,135.0, False.
444,85.0, False.
445,70.0, False.
446,88.0, False.
447,55.0, False.
448,75.0, False.
449,79.0, False.
450,85.0, False.
451,86.0, False.
452,91.0, False.
453,149.0, False.
454,97.0, True.
455,88.0, True.
456,60.0, False.
457,54.0, False.
458,11.0, False.
459,109.0, False.
460,90.0, False.
461,115.0, False.
462,144.0, False.
463,91.0, False.
464,105.0, False.
465,71.0, True.
466,132.0, True.
467,112.0, False.
468,86.0, False.
469,41.0, False.
470,44.0, False.
471,78.0, False.
472,149.0, False.
473,72.0, True.
474,139.0, False.
475,74.0, False.
476,50.0, False.
477,141.0, False.
478,140.0, False.
479,99.0, False.
480,166.0, False.
481,124.0, False.
482,74.0, False.
483,117.0, False.
484,85.0, False.
485,36.0, False.
486,102.0, False.
487,76.0, False.
488,165.0, False.
489,130.0, False.
490,78.0, False.
491,55.0, True.
492,92.0, True.
493,129.0, False.
494,18.0, False.
495,161.0, False.
496,93.0, False.
497,144.0, False.
498,75.0, True.
499,95.0, False.
500,126.0, False.
501,124.0, False.
502,93.0, True.
503,109.0, False.
504,80.0, False.
505,41.0, False.
506,136.0, False.
507,92.0, True.
508,143.0, False.
509,118.0, True.
510,193.0, False.
511,73.0, False.
512,62.0, False.
513,30.0, False.
514,60.0, True.
515,148.0, False.
516,96.0, False.
517,52.0, False.
518,87.0, False.
519,41.0, False.
520,112.0, False.
521,88.0, True.
522,122.0, False.
523,61.0, False.
524,87.0, False.
525,176.0, False.
526,30.0, False.
527,95.0, False.
528,46.0, False.
529,100.0, False.
530,47.0, False.
531,77.0, False.
532,98.0, False.
533,125.0, False.
534,67.0, False.
535,194.0, False.
536,128.0, False.
537,190.0, False.
538,165.0, False.
539,59.0, False.
540,47.0, False.
541,150.0, False.
542,152.0, True.
543,26.0, False.
544,79.0, False.
545,95.0, False.
546,69.0, True.
547,95.0, True.
548,31.0, False.
549,121.0, False.
550,111.0, True.
551,157.0, False.
552,44.0, True.
553,61.0, False.
554,65.0, False.
555,74.0, False.
556,123.0, False.
557,58.0, False.
558,74.0, True.
559,125.0, False.
560,80.0, False.
561,53.0, False.
562,99.0, False.
563,99.0, False.
564,66.0, False.
565,97.0, False.
566,75.0, False.
567,85.0, False.
568,108.0, False.
569,133.0, True.
570,51.0, False.
571,186.0, False.
572,44.0, False.
573,64.0, False.
574,44.0, True.
575,114.0, False.
576,92.0, False.
577,110.0, False.
578,90.0, False.
579,72.0, False.
580,113.0, True.
581,171.0, False.
582,104.0, False.
583,165.0, False.
584,104.0, True.
585,110.0, False.
586,90.0, False.
587,114.0, False.
588,101.0, True.
589,117.0, False.
590,109.0, False.
591,82.0, False.
592,92.0, False.
593,82.0, False.
594,90.0, False.
595,87.0, False.
596,124.0, False.
597,39.0, False.
598,84.0, False.
599,75.0, False.
600,102.0, False.
601,62.0, True.
602,143.0, False.
603,53.0, False.
604,30.0, False.
605,112.0, True.
606,129.0, False.
607,63.0, False.
608,28.0, False.
609,111.0, False.
610,91.0, False.
611,90.0, False.
612,151.0, False.
613,105.0, True.
614,41.0, False.
615,48.0, False.
616,166.0, False.
617,79.0, False.
618,153.0, False.
619,110.0, True.
620,163.0, False.
621,126.0, False.
622,105.0, False.
623,172.0, False.
624,126.0, False.
625,97.0, False.
626,95.0, True.
627,87.0, False.
628,97.0, False.
629,76.0, True.
630,140.0, False.
631,169.0, False.
632,68.0, False.
633,122.0, False.
634,36.0, False.
635,120.0, False.
636,121.0, False.
637,64.0, False.
638,13.0, False.
639,106.0, False.
640,88.0, False.
641,74.0, False.
642,83.0, False.
643,49.0, False.
644,111.0, False.
645,50.0, False.
646,153.0, False.
647,88.0, False.
648,131.0, False.
649,79.0, True.
650,140.0, False.
651,105.0, False.
652,54.0, False.
653,87.0, False.
654,96.0, False.
655,79.0, True.
656,55.0, False.
657,130.0, False.
658,34.0, False.
659,139.0, False.
660,109.0, True.
661,65.0, False.
662,63.0, False.
663,152.0, False.
664,147.0, False.
665,112.0, False.
666,120.0, False.
667,27.0, False.
668,171.0, False.
669,101.0, False.
670,32.0, False.
671,3.0, False.
672,151.0, False.
673,60.0, False.
674,119.0, False.
675,43.0, False.
676,42.0, False.
677,84.0, False.
678,65.0, False.
679,75.0, True.
680,116.0, False.
681,107.0, False.
682,189.0, False.
683,123.0, False.
684,110.0, False.
685,63.0, False.
686,176.0, False.
687,108.0, False.
688,13.0, False.
689,71.0, False.
690,88.0, False.
691,137.0, False.
692,82.0, False.
693,92.0, False.
694,165.0, False.
695,96.0, False.
696,156.0, False.
697,63.0, False.
698,37.0, False.
699,98.0, False.
700,121.0, False.
701,94.0, False.
702,99.0, False.
703,163.0, False.
704,161.0, False.
705,99.0, False.
706,108.0, False.
707,84.0, False.
708,83.0, False.
709,139.0, False.
710,69.0, False.
711,129.0, False.
712,106.0, False.
713,158.0, False.
714,168.0, False.
715,115.0, True.
716,57.0, False.
717,67.0, False.
718,127.0, False.
719,78.0, False.
720,100.0, False.
721,103.0, True.
722,113.0, False.
723,78.0, False.
724,129.0, False.
725,57.0, False.
726,82.0, False.
727,64.0, False.
728,86.0, False.
729,151.0, False.
730,94.0, True.
731,90.0, False.
732,48.0, False.
733,85.0, False.
734,93.0, False.
735,169.0, False.
736,68.0, True.
737,91.0, True.
738,68.0, False.
739,101.0, False.
740,67.0, False.
741,66.0, False.
742,116.0, False.
743,158.0, False.
744,78.0, False.
745,119.0, False.
746,120.0, False.
747,155.0, False.
748,106.0, False.
749,87.0, False.
750,146.0, False.
751,101.0, False.
752,22.0, False.
753,90.0, False.
754,41.0, False.
755,69.0, False.
756,33.0, False.
757,112.0, False.
758,108.0, False.
759,136.0, False.
760,128.0, False.
761,27.0, False.
762,161.0, False.
763,33.0, False.
764,120.0, False.
765,113.0, False.
766,122.0, True.
767,148.0, False.
768,74.0, False.
769,106.0, False.
770,179.0, False.
771,149.0, True.
772,77.0, False.
773,127.0, True.
774,80.0, False.
775,106.0, False.
776,61.0, False.
777,135.0, False.
778,115.0, False.
779,167.0, False.
780,107.0, False.
781,112.0, False.
782,35.0, False.
783,103.0, False.
784,107.0, False.
785,69.0, False.
786,85.0, False.
787,24.0, True.
788,90.0, False.
789,137.0, False.
790,92.0, False.
791,38.0, False.
792,69.0, True.
793,45.0, False.
794,73.0, False.
795,92.0, False.
796,113.0, False.
797,68.0, True.
798,135.0, False.
799,100.0, False.
800,96.0, False.
801,108.0, False.
802,84.0, False.
803,134.0, False.
804,72.0, False.
805,83.0, False.
806,137.0, False.
807,56.0, False.
808,61.0, False.
809,171.0, False.
810,123.0, False.
811,58.0, False.
812,156.0, False.
813,166.0, False.
814,75.0, False.
815,75.0, True.
816,83.0, False.
817,243.0, False.
818,153.0, False.
819,150.0, False.
820,92.0, False.
821,80.0, False.
822,134.0, False.
823,77.0, False.
824,147.0, False.
825,74.0, False.
826,138.0, False.
827,143.0, False.
828,64.0, False.
829,120.0, False.
830,121.0, True.
831,88.0, False.
832,87.0, True.
833,100.0, False.
834,104.0, False.
835,27.0, False.
836,81.0, False.
837,64.0, False.
838,107.0, False.
839,88.0, False.
840,111.0, False.
841,77.0, False.
842,67.0, False.
843,102.0, False.
844,146.0, False.
845,144.0, False.
846,96.0, True.
847,70.0, False.
848,149.0, False.
849,129.0, False.
850,166.0, False.
851,136.0, True.
852,149.0, False.
853,70.0, False.
854,120.0, False.
855,66.0, False.
856,104.0, False.
857,160.0, False.
858,129.0, False.
859,93.0, True.
860,169.0, False.
861,58.0, False.
862,75.0, False.
863,45.0, False.
864,155.0, False.
865,52.0, False.
866,119.0, False.
867,86.0, False.
868,42.0, False.
869,127.0, False.
870,123.0, False.
871,98.0, True.
872,149.0, False.
873,160.0, False.
874,103.0, False.
875,132.0, False.
876,137.0, False.
877,129.0, False.
878,62.0, False.
879,122.0, False.
880,32.0, False.
881,86.0, False.
882,130.0, False.
883,42.0, False.
884,73.0, False.
885,66.0, False.
886,103.0, False.
887,128.0, False.
888,104.0, False.
889,103.0, False.
890,124.0, False.
891,87.0, False.
892,109.0, True.
893,167.0, False.
894,97.0, True.
895,106.0, False.
896,125.0, False.
897,108.0, False.
898,125.0, False.
899,89.0, False.
900,72.0, False.
901,23.0, True.
902,149.0, False.
903,73.0, False.
904,61.0, True.
905,161.0, True.
906,73.0, False.
907,118.0, False.
908,23.0, False.
909,127.0, False.
910,42.0, False.
911,118.0, True.
912,45.0, False.
913,50.0, False.
914,179.0, True.
915,152.0, False.
916,105.0, False.
917,72.0, False.
918,52.0, False.
919,125.0, False.
920,143.0, False.
921,65.0, False.
922,80.0, False.
923,1.0, False.
924,60.0, False.
925,43.0, False.
926,143.0, False.
927,81.0, False.
928,205.0, False.
929,24.0, False.
930,74.0, False.
931,77.0, False.
932,74.0, False.
933,74.0, True.
934,200.0, False.
935,86.0, False.
936,91.0, False.
937,76.0, False.
938,130.0, False.
939,56.0, False.
940,117.0, False.
941,63.0, False.
942,126.0, False.
943,132.0, False.
944,81.0, True.
945,122.0, False.
946,46.0, True.
947,150.0, False.
948,99.0, False.
949,87.0, False.
950,108.0, False.
951,101.0, False.
952,53.0, False.
953,132.0, False.
954,158.0, False.
955,114.0, False.
956,77.0, False.
957,144.0, False.
958,91.0, False.
959,58.0, False.
960,5.0, False.
961,97.0, False.
962,107.0, False.
963,142.0, False.
964,9.0, False.
965,73.0, False.
966,48.0, True.
967,43.0, False.
968,122.0, True.
969,93.0, False.
970,85.0, False.
971,59.0, False.
972,87.0, False.
973,137.0, False.
974,21.0, False.
975,129.0, True.
976,104.0, False.
977,93.0, True.
978,63.0, True.
979,161.0, False.
980,50.0, False.
981,103.0, False.
982,84.0, False.
983,92.0, False.
984,77.0, False.
985,64.0, True.
986,159.0, False.
987,110.0, True.
988,138.0, False.
989,178.0, False.
990,38.0, False.
991,50.0, False.
992,45.0, False.
993,70.0, False.
994,147.0, False.
995,94.0, False.
996,179.0, False.
997,116.0, False.
998,59.0, False.
999,165.0, False.
1000,133.0, True.
1001,140.0, False.
1002,93.0, False.
1003,52.0, False.
1004,64.0, False.
1005,12.0, False.
1006,48.0, False.
1007,181.0, False.
1008,168.0, False.
1009,155.0, False.
1010,105.0, False.
1011,11.0, False.
1012,182.0, False.
1013,104.0, False.
1014,102.0, False.
1015,122.0, False.
1016,41.0, False.
1017,132.0, False.
1018,76.0, True.
1019,13.0, False.
1020,115.0, False.
1021,67.0, False.
1022,154.0, False.
1023,100.0, False.
1024,146.0, False.
1025,148.0, False.
1026,67.0, False.
1027,161.0, True.
1028,70.0, False.
1029,116.0, False.
1030,99.0, True.
1031,87.0, False.
1032,87.0, False.
1033,70.0, False.
1034,131.0, False.
1035,119.0, False.
1036,119.0, False.
1037,87.0, False.
1038,112.0, True.
1039,75.0, False.
1040,150.0, False.
1041,161.0, False.
1042,91.0, False.
1043,124.0, False.
1044,94.0, False.
1045,217.0, False.
1046,158.0, False.
1047,102.0, False.
1048,85.0, False.
1049,79.0, False.
1050,139.0, False.
1051,103.0, False.
1052,98.0, False.
1053,78.0, False.
1054,50.0, False.
1055,161.0, False.
1056,67.0, False.
1057,86.0, False.
1058,92.0, False.
1059,174.0, False.
1060,124.0, False.
1061,132.0, False.
1062,190.0, False.
1063,101.0, False.
1064,185.0, False.
1065,68.0, False.
1066,117.0, False.
1067,118.0, False.
1068,124.0, False.
1069,22.0, False.
1070,75.0, False.
1071,134.0, False.
1072,164.0, False.
1073,44.0, False.
1074,177.0, False.
1075,110.0, False.
1076,53.0, False.
1077,108.0, True.
1078,80.0, True.
1079,158.0, False.
1080,114.0, False.
1081,64.0, False.
1082,88.0, False.
1083,82.0, False.
1084,111.0, False.
1085,60.0, False.
1086,113.0, False.
1087,109.0, False.
1088,105.0, False.
1089,85.0, False.
1090,131.0, False.
1091,59.0, False.
1092,148.0, False.
1093,210.0, False.
1094,115.0, False.
1095,106.0, False.
1096,93.0, False.
1097,57.0, False.
1098,98.0, False.
1099,157.0, False.
1100,116.0, False.
1101,30.0, False.
1102,111.0, True.
1103,52.0, False.
1104,72.0, False.
1105,135.0, True.
1106,86.0, False.
1107,98.0, False.
1108,151.0, False.
1109,118.0, False.
1110,117.0, False.
1111,55.0, False.
1112,82.0, False.
1113,152.0, False.
1114,108.0, False.
1115,98.0, True.
1116,130.0, False.
1117,136.0, False.
1118,47.0, False.
1119,189.0, False.
1120,107.0, False.
1121,91.0, True.
1122,159.0, True.
1123,11.0, False.
1124,167.0, False.
1125,111.0, False.
1126,99.0, False.
1127,159.0, False.
1128,114.0, False.
1129,71.0, False.
1130,122.0, False.
1131,100.0, False.
1132,83.0, False.
1133,64.0, True.
1134,105.0, False.
1135,144.0, False.
1136,106.0, True.
1137,19.0, False.
1138,46.0, False.
1139,127.0, False.
1140,9.0, False.
1141,157.0, False.
1142,105.0, True.
1143,105.0, False.
1144,155.0, False.
1145,31.0, False.
1146,161.0, False.
1147,95.0, False.
1148,122.0, False.
1149,37.0, False.
1150,132.0, True.
1151,119.0, False.
1152,16.0, False.
1153,99.0, False.
1154,76.0, False.
1155,167.0, True.
1156,129.0, False.
1157,116.0, False.
1158,60.0, False.
1159,128.0, False.
1160,47.0, False.
1161,40.0, False.
1162,173.0, False.
1163,157.0, False.
1164,66.0, False.
1165,50.0, False.
1166,72.0, False.
1167,130.0, False.
1168,143.0, False.
1169,89.0, False.
1170,108.0, False.
1171,32.0, False.
1172,166.0, False.
1173,109.0, False.
1174,72.0, False.
1175,134.0, False.
1176,13.0, False.
1177,90.0, False.
1178,111.0, False.
1179,101.0, False.
1180,72.0, False.
1181,67.0, False.
1182,172.0, True.
1183,154.0, False.
1184,69.0, False.
1185,123.0, False.
1186,130.0, False.
1187,142.0, False.
1188,29.0, False.
1189,87.0, False.
1190,149.0, False.
1191,146.0, False.
1192,88.0, True.
1193,119.0, True.
1194,48.0, False.
1195,135.0, False.
1196,100.0, False.
1197,98.0, False.
1198,75.0, False.
1199,180.0, False.
1200,100.0, False.
1201,119.0, False.
1202,86.0, False.
1203,155.0, False.
1204,78.0, True.
1205,153.0, False.
1206,92.0, False.
1207,13.0, False.
1208,154.0, False.
1209,144.0, False.
1210,48.0, False.
1211,94.0, False.
1212,139.0, False.
1213,126.0, False.
1214,122.0, False.
1215,139.0, False.
1216,95.0, False.
1217,80.0, False.
1218,131.0, False.
1219,36.0, False.
1220,180.0, False.
1221,25.0, False.
1222,113.0, False.
1223,88.0, False.
1224,120.0, False.
1225,74.0, False.
1226,109.0, False.
1227,162.0, False.
1228,124.0, False.
1229,177.0, False.
1230,91.0, False.
1231,105.0, True.
1232,24.0, True.
1233,48.0, False.
1234,86.0, False.
1235,163.0, False.
1236,91.0, False.
1237,56.0, False.
1238,147.0, False.
1239,64.0, False.
1240,108.0, True.
1241,159.0, False.
1242,136.0, False.
1243,116.0, False.
1244,45.0, False.
1245,122.0, False.
1246,138.0, False.
1247,132.0, False.
1248,101.0, False.
1249,58.0, False.
1250,81.0, False.
1251,87.0, False.
1252,116.0, False.
1253,85.0, False.
1254,62.0, True.
1255,90.0, False.
1256,98.0, False.
1257,73.0, False.
1258,107.0, False.
1259,55.0, False.
1260,76.0, False.
1261,30.0, False.
1262,157.0, False.
1263,40.0, True.
1264,72.0, False.
1265,95.0, False.
1266,42.0, False.
1267,86.0, False.
1268,131.0, False.
1269,55.0, True.
1270,74.0, False.
1271,81.0, False.
1272,81.0, False.
1273,28.0, True.
1274,111.0, False.
1275,3.0, False.
1276,51.0, True.
1277,68.0, False.
1278,163.0, True.
1279,87.0, False.
1280,58.0, True.
1281,109.0, False.
1282,111.0, False.
1283,144.0, False.
1284,135.0, True.
1285,109.0, False.
1286,107.0, False.
1287,149.0, False.
1288,56.0, False.
1289,129.0, False.
1290,92.0, False.
1291,67.0, False.
1292,120.0, False.
1293,166.0, False.
1294,66.0, False.
1295,76.0, False.
1296,79.0, False.
1297,98.0, False.
1298,141.0, False.
1299,49.0, True.
1300,46.0, False.
1301,137.0, False.
1302,171.0, True.
1303,10.0, False.
1304,88.0, False.
1305,89.0, False.
1306,82.0, True.
1307,139.0, False.
1308,87.0, False.
1309,137.0, False.
1310,45.0, True.
1311,90.0, False.
1312,103.0, False.
1313,100.0, False.
1314,110.0, False.
1315,124.0, False.
1316,10.0, False.
1317,89.0, False.
1318,121.0, False.
1319,101.0, False.
1320,103.0, False.
1321,51.0, False.
1322,2.0, True.
1323,111.0, False.
1324,118.0, False.
1325,17.0, True.
1326,130.0, False.
1327,193.0, True.
1328,114.0, False.
1329,137.0, False.
1330,185.0, False.
1331,101.0, False.
1332,95.0, False.
1333,7.0, False.
1334,126.0, True.
1335,71.0, False.
1336,124.0, False.
1337,97.0, True.
1338,28.0, False.
1339,90.0, True.
1340,190.0, False.
1341,31.0, False.
1342,52.0, False.
1343,73.0, False.
1344,111.0, True.
1345,98.0, True.
1346,106.0, True.
1347,111.0, False.
1348,59.0, False.
1349,71.0, False.
1350,55.0, True.
1351,13.0, False.
1352,136.0, False.
1353,123.0, False.
1354,105.0, False.
1355,50.0, False.
1356,118.0, False.
1357,97.0, False.
1358,51.0, False.
1359,73.0, True.
1360,35.0, False.
1361,64.0, False.
1362,63.0, False.
1363,117.0, False.
1364,115.0, True.
1365,162.0, False.
1366,89.0, False.
1367,94.0, False.
1368,129.0, False.
1369,86.0, False.
1370,96.0, False.
1371,190.0, False.
1372,80.0, False.
1373,108.0, True.
1374,97.0, False.
1375,84.0, False.
1376,65.0, True.
1377,131.0, False.
1378,58.0, False.
1379,36.0, False.
1380,54.0, False.
1381,45.0, False.
1382,125.0, False.
1383,72.0, False.
1384,141.0, False.
1385,113.0, False.
1386,20.0, False.
1387,212.0, False.
1388,99.0, False.
1389,94.0, False.
1390,40.0, False.
1391,86.0, False.
1392,101.0, True.
1393,170.0, False.
1394,105.0, False.
1395,103.0, False.
1396,140.0, False.
1397,101.0, False.
1398,98.0, False.
1399,104.0, False.
1400,115.0, False.
1401,112.0, False.
1402,70.0, False.
1403,126.0, False.
1404,87.0, False.
1405,125.0, True.
1406,86.0, False.
1407,73.0, True.
1408,232.0, False.
1409,1.0, False.
1410,133.0, False.
1411,103.0, False.
1412,131.0, False.
1413,95.0, False.
1414,182.0, False.
1415,99.0, False.
1416,27.0, False.
1417,141.0, False.
1418,29.0, False.
1419,65.0, False.
1420,81.0, True.
1421,37.0, False.
1422,107.0, False.
1423,127.0, False.
1424,78.0, False.
1425,55.0, False.
1426,86.0, False.
1427,176.0, False.
1428,96.0, False.
1429,11.0, False.
1430,48.0, False.
1431,127.0, False.
1432,63.0, False.
1433,79.0, False.
1434,47.0, False.
1435,89.0, True.
1436,83.0, False.
1437,126.0, False.
1438,60.0, False.
1439,122.0, False.
1440,136.0, False.
1441,172.0, False.
1442,102.0, True.
1443,113.0, False.
1444,79.0, False.
1445,55.0, False.
1446,111.0, False.
1447,160.0, False.
1448,110.0, False.
1449,192.0, False.
1450,93.0, False.
1451,101.0, False.
1452,77.0, False.
1453,105.0, False.
1454,133.0, True.
1455,131.0, False.
1456,106.0, False.
1457,118.0, False.
1458,125.0, False.
1459,95.0, False.
1460,80.0, False.
1461,145.0, False.
1462,37.0, False.
1463,87.0, False.
1464,69.0, False.
1465,83.0, False.
1466,195.0, False.
1467,67.0, True.
1468,75.0, False.
1469,123.0, False.
1470,41.0, False.
1471,75.0, False.
1472,76.0, True.
1473,86.0, False.
1474,140.0, False.
1475,70.0, False.
1476,121.0, False.
1477,112.0, False.
1478,118.0, False.
1479,66.0, False.
1480,78.0, False.
1481,129.0, False.
1482,6.0, False.
1483,107.0, False.
1484,107.0, True.
1485,138.0, False.
1486,103.0, False.
1487,116.0, False.
1488,189.0, False.
1489,161.0, False.
1490,1.0, False.
1491,89.0, False.
1492,64.0, False.
1493,126.0, True.
1494,129.0, False.
1495,128.0, False.
1496,81.0, False.
1497,114.0, False.
1498,50.0, False.
1499,86.0, False.
1500,96.0, False.
1501,72.0, False.
1502,64.0, False.
1503,57.0, False.
1504,65.0, False.
1505,163.0, False.
1506,136.0, False.
1507,116.0, False.
1508,93.0, False.
1509,142.0, False.
1510,92.0, False.
1511,70.0, False.
1512,22.0, False.
1513,37.0, False.
1514,51.0, False.
1515,174.0, False.
1516,68.0, True.
1517,130.0, False.
1518,104.0, False.
1519,134.0, False.
1520,108.0, False.
1521,103.0, False.
1522,62.0, False.
1523,162.0, False.
1524,93.0, False.
1525,42.0, False.
1526,155.0, False.
1527,36.0, False.
1528,143.0, True.
1529,197.0, False.
1530,81.0, True.
1531,138.0, True.
1532,103.0, True.
1533,127.0, True.
1534,136.0, True.
1535,99.0, False.
1536,95.0, False.
1537,118.0, True.
1538,113.0, True.
1539,128.0, False.
1540,117.0, False.
1541,48.0, False.
1542,81.0, False.
1543,57.0, False.
1544,140.0, False.
1545,107.0, False.
1546,56.0, False.
1547,159.0, False.
1548,102.0, False.
1549,107.0, False.
1550,106.0, False.
1551,225.0, True.
1552,75.0, False.
1553,86.0, False.
1554,169.0, False.
1555,122.0, False.
1556,106.0, False.
1557,52.0, False.
1558,79.0, False.
1559,135.0, False.
1560,70.0, False.
1561,80.0, False.
1562,37.0, False.
1563,161.0, False.
1564,137.0, False.
1565,123.0, False.
1566,80.0, False.
1567,94.0, False.
1568,105.0, False.
1569,73.0, False.
1570,112.0, False.
1571,179.0, False.
1572,57.0, False.
1573,127.0, False.
1574,122.0, False.
1575,33.0, False.
1576,94.0, False.
1577,100.0, False.
1578,106.0, False.
1579,148.0, False.
1580,120.0, False.
1581,91.0, False.
1582,86.0, False.
1583,78.0, False.
1584,94.0, False.
1585,85.0, True.
1586,89.0, False.
1587,128.0, False.
1588,115.0, False.
1589,76.0, False.
1590,75.0, False.
1591,90.0, False.
1592,30.0, False.
1593,105.0, True.
1594,102.0, False.
1595,83.0, False.
1596,63.0, False.
1597,155.0, False.
1598,82.0, False.
1599,87.0, False.
1600,115.0, False.
1601,99.0, True.
1602,121.0, False.
1603,54.0, False.
1604,105.0, False.
1605,73.0, False.
1606,95.0, False.
1607,21.0, False.
1608,163.0, False.
1609,57.0, False.
1610,104.0, False.
1611,83.0, False.
1612,141.0, False.
1613,95.0, False.
1614,184.0, True.
1615,74.0, False.
1616,67.0, False.
1617,104.0, False.
1618,71.0, False.
1619,149.0, True.
1620,154.0, False.
1621,138.0, False.
1622,117.0, False.
1623,130.0, False.
1624,73.0, False.
1625,100.0, False.
1626,149.0, False.
1627,29.0, False.
1628,131.0, False.
1629,153.0, False.
1630,84.0, False.
1631,133.0, False.
1632,112.0, False.
1633,87.0, False.
1634,72.0, False.
1635,66.0, True.
1636,65.0, False.
1637,74.0, False.
1638,116.0, True.
1639,68.0, False.
1640,68.0, False.
1641,54.0, False.
1642,99.0, False.
1643,107.0, False.
1644,124.0, False.
1645,95.0, False.
1646,173.0, True.
1647,110.0, False.
1648,102.0, False.
1649,130.0, False.
1650,91.0, False.
1651,64.0, True.
1652,176.0, False.
1653,93.0, True.
1654,84.0, False.
1655,138.0, False.
1656,101.0, False.
1657,136.0, False.
1658,111.0, False.
1659,132.0, False.
1660,128.0, False.
1661,92.0, False.
1662,197.0, True.
1663,191.0, False.
1664,99.0, False.
1665,106.0, False.
1666,88.0, False.
1667,78.0, False.
1668,98.0, False.
1669,17.0, False.
1670,56.0, False.
1671,84.0, False.
1672,95.0, False.
1673,16.0, False.
1674,76.0, True.
1675,93.0, False.
1676,83.0, False.
1677,123.0, False.
1678,64.0, False.
1679,82.0, True.
1680,107.0, False.
1681,110.0, False.
1682,96.0, False.
1683,47.0, False.
1684,115.0, False.
1685,69.0, False.
1686,163.0, False.
1687,90.0, False.
1688,98.0, False.
1689,90.0, False.
1690,174.0, False.
1691,95.0, True.
1692,79.0, True.
1693,123.0, False.
1694,99.0, True.
1695,114.0, False.
1696,141.0, False.
1697,132.0, False.
1698,133.0, False.
1699,133.0, False.
1700,93.0, False.
1701,34.0, True.
1702,140.0, True.
1703,96.0, False.
1704,144.0, True.
1705,24.0, False.
1706,54.0, False.
1707,50.0, True.
1708,92.0, False.
1709,96.0, False.
1710,146.0, False.
1711,138.0, False.
1712,102.0, False.
1713,76.0, True.
1714,99.0, False.
1715,83.0, False.
1716,36.0, False.
1717,70.0, False.
1718,109.0, True.
1719,100.0, False.
1720,104.0, False.
1721,106.0, False.
1722,84.0, False.
1723,80.0, False.
1724,100.0, False.
1725,99.0, False.
1726,50.0, False.
1727,105.0, False.
1728,113.0, False.
1729,111.0, False.
1730,161.0, False.
1731,70.0, True.
1732,97.0, False.
1733,130.0, False.
1734,92.0, False.
1735,119.0, False.
1736,115.0, True.
1737,134.0, False.
1738,127.0, False.
1739,80.0, True.
1740,153.0, False.
1741,85.0, False.
1742,79.0, False.
1743,35.0, False.
1744,120.0, False.
1745,68.0, False.
1746,60.0, True.
1747,120.0, False.
1748,71.0, False.
1749,124.0, False.
1750,23.0, True.
1751,225.0, False.
1752,181.0, True.
1753,63.0, False.
1754,54.0, True.
1755,80.0, False.
1756,118.0, False.
1757,42.0, False.
1758,134.0, False.
1759,66.0, False.
1760,66.0, False.
1761,127.0, False.
1762,146.0, False.
1763,93.0, False.
1764,77.0, True.
1765,111.0, True.
1766,125.0, False.
1767,115.0, False.
1768,115.0, True.
1769,114.0, False.
1770,106.0, False.
1771,118.0, False.
1772,59.0, False.
1773,87.0, False.
1774,21.0, False.
1775,142.0, False.
1776,62.0, False.
1777,149.0, True.
1778,54.0, False.
1779,112.0, False.
1780,68.0, False.
1781,201.0, False.
1782,88.0, False.
1783,85.0, False.
1784,51.0, True.
1785,45.0, False.
1786,116.0, False.
1787,146.0, False.
1788,63.0, False.
1789,133.0, False.
1790,125.0, False.
1791,72.0, False.
1792,130.0, False.
1793,97.0, False.
1794,54.0, True.
1795,160.0, False.
1796,79.0, False.
1797,92.0, False.
1798,59.0, False.
1799,132.0, False.
1800,21.0, False.
1801,93.0, False.
1802,147.0, False.
1803,101.0, False.
1804,125.0, True.
1805,63.0, False.
1806,107.0, False.
1807,110.0, False.
1808,83.0, False.
1809,117.0, False.
1810,124.0, False.
1811,115.0, False.
1812,156.0, False.
1813,89.0, False.
1814,72.0, False.
1815,101.0, False.
1816,53.0, False.
1817,116.0, False.
1818,78.0, False.
1819,117.0, False.
1820,56.0, False.
1821,123.0, False.
1822,127.0, False.
1823,116.0, False.
1824,138.0, False.
1825,120.0, False.
1826,102.0, False.
1827,95.0, False.
1828,102.0, False.
1829,89.0, False.
1830,50.0, False.
1831,93.0, False.
1832,68.0, False.
1833,70.0, False.
1834,138.0, False.
1835,141.0, False.
1836,112.0, False.
1837,117.0, True.
1838,1.0, False.
1839,70.0, False.
1840,87.0, False.
1841,52.0, False.
1842,97.0, True.
1843,105.0, False.
1844,77.0, True.
1845,80.0, True.
1846,120.0, False.
1847,54.0, False.
1848,148.0, False.
1849,119.0, True.
1850,162.0, True.
1851,85.0, True.
1852,101.0, False.
1853,172.0, False.
1854,80.0, False.
1855,67.0, False.
1856,86.0, False.
1857,107.0, True.
1858,133.0, False.
1859,116.0, False.
1860,63.0, False.
1861,119.0, True.
1862,133.0, True.
1863,94.0, False.
1864,69.0, False.
1865,146.0, True.
1866,119.0, True.
1867,142.0, False.
1868,123.0, False.
1869,101.0, True.
1870,43.0, False.
1871,69.0, False.
1872,15.0, False.
1873,107.0, False.
1874,67.0, False.
1875,99.0, False.
1876,46.0, False.
1877,55.0, False.
1878,39.0, True.
1879,92.0, False.
1880,56.0, True.
1881,76.0, True.
1882,132.0, False.
1883,140.0, False.
1884,51.0, False.
1885,27.0, False.
1886,224.0, False.
1887,105.0, True.
1888,117.0, False.
1889,91.0, True.
1890,135.0, False.
1891,146.0, False.
1892,147.0, True.
1893,68.0, True.
1894,68.0, False.
1895,86.0, False.
1896,131.0, False.
1897,86.0, False.
1898,159.0, True.
1899,134.0, False.
1900,113.0, False.
1901,132.0, False.
1902,85.0, False.
1903,93.0, True.
1904,174.0, True.
1905,61.0, False.
1906,91.0, False.
1907,88.0, False.
1908,88.0, False.
1909,195.0, False.
1910,182.0, False.
1911,118.0, False.
1912,103.0, True.
1913,65.0, False.
1914,61.0, False.
1915,172.0, False.
1916,72.0, False.
1917,113.0, False.
1918,177.0, False.
1919,100.0, True.
1920,67.0, False.
1921,136.0, False.
1922,71.0, False.
1923,134.0, False.
1924,124.0, False.
1925,84.0, False.
1926,39.0, False.
1927,110.0, False.
1928,102.0, False.
1929,70.0, False.
1930,142.0, False.
1931,81.0, False.
1932,17.0, False.
1933,119.0, True.
1934,105.0, True.
1935,108.0, True.
1936,90.0, False.
1937,100.0, False.
1938,155.0, False.
1939,113.0, True.
1940,123.0, False.
1941,145.0, False.
1942,42.0, False.
1943,125.0, False.
1944,131.0, False.
1945,107.0, False.
1946,48.0, False.
1947,76.0, False.
1948,128.0, False.
1949,73.0, False.
1950,52.0, True.
1951,126.0, False.
1952,124.0, False.
1953,137.0, False.
1954,71.0, True.
1955,139.0, False.
1956,107.0, False.
1957,147.0, False.
1958,116.0, False.
1959,60.0, False.
1960,38.0, False.
1961,63.0, False.
1962,94.0, False.
1963,131.0, False.
1964,158.0, False.
1965,139.0, True.
1966,77.0, False.
1967,140.0, False.
1968,72.0, False.
1969,52.0, False.
1970,103.0, False.
1971,74.0, False.
1972,124.0, False.
1973,85.0, False.
1974,113.0, True.
1975,71.0, False.
1976,177.0, False.
1977,49.0, True.
1978,106.0, True.
1979,60.0, False.
1980,43.0, False.
1981,66.0, False.
1982,125.0, False.
1983,114.0, False.
1984,112.0, True.
1985,101.0, False.
1986,70.0, False.
1987,59.0, False.
1988,59.0, False.
1989,124.0, False.
1990,99.0, False.
1991,150.0, False.
1992,81.0, False.
1993,86.0, False.
1994,84.0, False.
1995,118.0, False.
1996,89.0, False.
1997,93.0, False.
1998,85.0, False.
1999,160.0, False.
2000,28.0, False.
2001,73.0, True.
2002,156.0, False.
2003,33.0, False.
2004,77.0, False.
2005,119.0, False.
2006,91.0, False.
2007,102.0, False.
2008,86.0, False.
2009,82.0, False.
2010,89.0, False.
2011,86.0, False.
2012,134.0, False.
2013,92.0, False.
2014,87.0, False.
2015,64.0, False.
2016,80.0, False.
2017,165.0, False.
2018,153.0, False.
2019,41.0, False.
2020,108.0, False.
2021,104.0, False.
2022,115.0, False.
2023,87.0, False.
2024,159.0, False.
2025,119.0, False.
2026,69.0, False.
2027,87.0, False.
2028,93.0, True.
2029,154.0, True.
2030,57.0, False.
2031,130.0, False.
2032,151.0, False.
2033,162.0, True.
2034,60.0, False.
2035,81.0, False.
2036,132.0, False.
2037,86.0, False.
2038,136.0, True.
2039,121.0, False.
2040,105.0, False.
2041,105.0, False.
2042,51.0, False.
2043,64.0, False.
2044,80.0, False.
2045,56.0, False.
2046,120.0, False.
2047,103.0, False.
2048,164.0, False.
2049,116.0, False.
2050,121.0, False.
2051,55.0, False.
2052,183.0, False.
2053,104.0, False.
2054,90.0, False.
2055,82.0, False.
2056,101.0, False.
2057,9.0, False.
2058,97.0, False.
2059,94.0, True.
2060,127.0, False.
2061,125.0, False.
2062,140.0, False.
2063,90.0, False.
2064,67.0, False.
2065,113.0, False.
2066,121.0, False.
2067,93.0, False.
2068,121.0, False.
2069,53.0, True.
2070,75.0, False.
2071,132.0, False.
2072,162.0, False.
2073,140.0, False.
2074,91.0, False.
2075,73.0, False.
2076,95.0, True.
2077,145.0, False.
2078,100.0, False.
2079,122.0, False.
2080,109.0, False.
2081,82.0, False.
2082,65.0, False.
2083,52.0, False.
2084,136.0, False.
2085,75.0, False.
2086,146.0, False.
2087,105.0, False.
2088,48.0, False.
2089,45.0, False.
2090,106.0, False.
2091,33.0, False.
2092,68.0, False.
2093,106.0, False.
2094,141.0, False.
2095,98.0, False.
2096,94.0, False.
2097,65.0, False.
2098,85.0, False.
2099,71.0, True.
2100,112.0, False.
2101,110.0, False.
2102,111.0, False.
2103,74.0, True.
2104,105.0, False.
2105,40.0, False.
2106,128.0, True.
2107,123.0, True.
2108,122.0, False.
2109,114.0, False.
2110,102.0, False.
2111,126.0, False.
2112,150.0, True.
2113,60.0, True.
2114,123.0, False.
2115,138.0, True.
2116,29.0, False.
2117,111.0, False.
2118,37.0, True.
2119,111.0, True.
2120,81.0, False.
2121,46.0, False.
2122,69.0, False.
2123,125.0, False.
2124,43.0, False.
2125,127.0, False.
2126,94.0, False.
2127,46.0, False.
2128,73.0, False.
2129,146.0, False.
2130,93.0, False.
2131,52.0, False.
2132,202.0, False.
2133,129.0, False.
2134,94.0, False.
2135,100.0, False.
2136,43.0, False.
2137,130.0, False.
2138,124.0, False.
2139,92.0, True.
2140,48.0, False.
2141,98.0, False.
2142,100.0, True.
2143,79.0, False.
2144,164.0, False.
2145,105.0, False.
2146,89.0, False.
2147,126.0, True.
2148,96.0, False.
2149,120.0, False.
2150,212.0, True.
2151,72.0, False.
2152,155.0, False.
2153,89.0, False.
2154,126.0, False.
2155,172.0, True.
2156,75.0, False.
2157,143.0, False.
2158,166.0, True.
2159,132.0, False.
2160,94.0, True.
2161,99.0, False.
2162,136.0, False.
2163,119.0, False.
2164,115.0, True.
2165,160.0, False.
2166,166.0, False.
2167,120.0, False.
2168,173.0, False.
2169,156.0, False.
2170,70.0, False.
2171,41.0, False.
2172,132.0, False.
2173,47.0, True.
2174,160.0, False.
2175,180.0, False.
2176,93.0, False.
2177,109.0, False.
2178,80.0, False.
2179,54.0, False.
2180,121.0, False.
2181,157.0, False.
2182,170.0, False.
2183,138.0, False.
2184,92.0, False.
2185,126.0, False.
2186,41.0, True.
2187,167.0, True.
2188,91.0, False.
2189,127.0, False.
2190,88.0, False.
2191,113.0, False.
2192,78.0, False.
2193,123.0, False.
2194,136.0, False.
2195,68.0, False.
2196,132.0, False.
2197,133.0, False.
2198,127.0, False.
2199,110.0, False.
2200,121.0, False.
2201,116.0, False.
2202,112.0, False.
2203,97.0, True.
2204,43.0, False.
2205,110.0, False.
2206,67.0, False.
2207,166.0, False.
2208,129.0, False.
2209,103.0, False.
2210,71.0, True.
2211,112.0, False.
2212,8.0, False.
2213,98.0, True.
2214,90.0, False.
2215,13.0, True.
2216,58.0, False.
2217,137.0, False.
2218,116.0, True.
2219,94.0, False.
2220,87.0, False.
2221,120.0, False.
2222,97.0, False.
2223,134.0, False.
2224,68.0, False.
2225,93.0, False.
2226,120.0, False.
2227,41.0, False.
2228,80.0, False.
2229,83.0, False.
2230,109.0, False.
2231,66.0, False.
2232,104.0, False.
2233,89.0, False.
2234,127.0, False.
2235,117.0, False.
2236,128.0, False.
2237,88.0, True.
2238,61.0, True.
2239,22.0, False.
2240,78.0, False.
2241,56.0, False.
2242,192.0, False.
2243,70.0, False.
2244,148.0, False.
2245,65.0, False.
2246,119.0, False.
2247,80.0, False.
2248,152.0, False.
2249,113.0, False.
2250,75.0, False.
2251,80.0, False.
2252,148.0, False.
2253,63.0, False.
2254,97.0, False.
2255,166.0, False.
2256,94.0, False.
2257,85.0, False.
2258,80.0, True.
2259,210.0, False.
2260,88.0, False.
2261,100.0, False.
2262,154.0, False.
2263,32.0, False.
2264,18.0, False.
2265,126.0, False.
2266,144.0, False.
2267,29.0, True.
2268,86.0, False.
2269,138.0, False.
2270,146.0, False.
2271,175.0, False.
2272,74.0, False.
2273,48.0, False.
2274,74.0, False.
2275,105.0, False.
2276,157.0, False.
2277,217.0, False.
2278,68.0, False.
2279,80.0, False.
2280,38.0, False.
2281,107.0, False.
2282,140.0, False.
2283,98.0, True.
2284,114.0, False.
2285,46.0, False.
2286,118.0, False.
2287,37.0, False.
2288,34.0, False.
2289,98.0, False.
2290,113.0, True.
2291,69.0, False.
2292,121.0, False.
2293,59.0, False.
2294,59.0, False.
2295,190.0, False.
2296,109.0, False.
2297,136.0, False.
2298,86.0, False.
2299,100.0, False.
2300,106.0, False.
2301,104.0, False.
2302,129.0, False.
2303,205.0, False.
2304,93.0, False.
2305,123.0, False.
2306,99.0, False.
2307,61.0, False.
2308,71.0, False.
2309,4.0, False.
2310,148.0, False.
2311,141.0, False.
2312,56.0, False.
2313,160.0, False.
2314,43.0, False.
2315,42.0, False.
2316,135.0, False.
2317,106.0, False.
2318,106.0, False.
2319,83.0, False.
2320,110.0, False.
2321,153.0, False.
2322,109.0, False.
2323,31.0, False.
2324,124.0, True.
2325,110.0, True.
2326,124.0, False.
2327,82.0, True.
2328,122.0, False.
2329,137.0, False.
2330,69.0, False.
2331,46.0, False.
2332,103.0, False.
2333,16.0, False.
2334,119.0, False.
2335,124.0, True.
2336,122.0, False.
2337,139.0, False.
2338,67.0, False.
2339,84.0, False.
2340,101.0, False.
2341,40.0, False.
2342,61.0, False.
2343,120.0, True.
2344,95.0, False.
2345,98.0, False.
2346,114.0, False.
2347,68.0, True.
2348,149.0, False.
2349,22.0, False.
2350,176.0, False.
2351,152.0, False.
2352,118.0, False.
2353,101.0, False.
2354,102.0, True.
2355,118.0, False.
2356,105.0, True.
2357,153.0, True.
2358,71.0, False.
2359,71.0, False.
2360,68.0, False.
2361,66.0, False.
2362,101.0, False.
2363,116.0, False.
2364,54.0, False.
2365,112.0, False.
2366,122.0, False.
2367,74.0, False.
2368,90.0, False.
2369,112.0, True.
2370,85.0, False.
2371,100.0, False.
2372,114.0, False.
2373,83.0, False.
2374,157.0, False.
2375,51.0, False.
2376,42.0, True.
2377,101.0, True.
2378,112.0, False.
2379,56.0, False.
2380,53.0, True.
2381,64.0, False.
2382,123.0, False.
2383,68.0, False.
2384,40.0, False.
2385,132.0, False.
2386,120.0, True.
2387,108.0, True.
2388,161.0, True.
2389,130.0, True.
2390,122.0, False.
2391,130.0, False.
2392,90.0, False.
2393,139.0, False.
2394,57.0, False.
2395,128.0, False.
2396,127.0, False.
2397,107.0, True.
2398,177.0, False.
2399,121.0, False.
2400,99.0, False.
2401,126.0, True.
2402,77.0, True.
2403,21.0, False.
2404,56.0, False.
2405,92.0, True.
2406,81.0, False.
2407,139.0, True.
2408,68.0, False.
2409,183.0, False.
2410,90.0, False.
2411,165.0, False.
2412,89.0, True.
2413,59.0, False.
2414,16.0, False.
2415,114.0, True.
2416,113.0, False.
2417,120.0, False.
2418,115.0, False.
2419,37.0, True.
2420,100.0, True.
2421,132.0, True.
2422,38.0, False.
2423,1.0, False.
2424,97.0, False.
2425,55.0, False.
2426,75.0, False.
2427,83.0, False.
2428,40.0, True.
2429,101.0, False.
2430,120.0, False.
2431,183.0, False.
2432,75.0, True.
2433,80.0, False.
2434,88.0, False.
2435,112.0, False.
2436,63.0, False.
2437,105.0, True.
2438,92.0, False.
2439,177.0, False.
2440,118.0, False.
2441,111.0, False.
2442,82.0, False.
2443,74.0, False.
2444,121.0, False.
2445,131.0, False.
2446,125.0, False.
2447,19.0, False.
2448,138.0, False.
2449,119.0, False.
2450,137.0, False.
2451,182.0, True.
2452,135.0, False.
2453,134.0, False.
2454,45.0, False.
2455,129.0, False.
2456,142.0, False.
2457,130.0, False.
2458,163.0, False.
2459,105.0, False.
2460,119.0, False.
2461,78.0, False.
2462,92.0, False.
2463,146.0, False.
2464,125.0, False.
2465,88.0, False.
2466,83.0, False.
2467,3.0, False.
2468,152.0, True.
2469,48.0, False.
2470,189.0, False.
2471,95.0, False.
2472,129.0, True.
2473,66.0, False.
2474,80.0, False.
2475,1.0, False.
2476,84.0, False.
2477,96.0, False.
2478,123.0, False.
2479,116.0, True.
2480,105.0, False.
2481,80.0, False.
2482,157.0, False.
2483,67.0, False.
2484,141.0, False.
2485,79.0, False.
2486,76.0, False.
2487,111.0, False.
2488,94.0, False.
2489,143.0, True.
2490,109.0, False.
2491,138.0, False.
2492,73.0, False.
2493,21.0, True.
2494,148.0, False.
2495,103.0, False.
2496,143.0, False.
2497,79.0, False.
2498,89.0, False.
2499,120.0, False.
2500,121.0, False.
2501,101.0, False.
2502,115.0, False.
2503,168.0, False.
2504,90.0, False.
2505,70.0, False.
2506,138.0, False.
2507,43.0, False.
2508,117.0, False.
2509,108.0, False.
2510,118.0, False.
2511,169.0, False.
2512,62.0, False.
2513,86.0, False.
2514,44.0, False.
2515,111.0, True.
2516,127.0, False.
2517,151.0, False.
2518,53.0, False.
2519,15.0, False.
2520,123.0, False.
2521,137.0, False.
2522,106.0, False.
2523,88.0, False.
2524,106.0, False.
2525,95.0, False.
2526,57.0, True.
2527,184.0, False.
2528,109.0, False.
2529,127.0, False.
2530,82.0, False.
2531,180.0, False.
2532,174.0, False.
2533,92.0, True.
2534,81.0, False.
2535,125.0, True.
2536,119.0, True.
2537,122.0, False.
2538,34.0, False.
2539,138.0, True.
2540,90.0, False.
2541,73.0, False.
2542,19.0, True.
2543,120.0, False.
2544,160.0, False.
2545,141.0, False.
2546,90.0, False.
2547,72.0, False.
2548,117.0, False.
2549,79.0, False.
2550,87.0, False.
2551,102.0, False.
2552,49.0, False.
2553,67.0, False.
2554,107.0, False.
2555,190.0, False.
2556,118.0, False.
2557,120.0, False.
2558,94.0, False.
2559,115.0, False.
2560,61.0, False.
2561,143.0, False.
2562,110.0, False.
2563,104.0, False.
2564,16.0, False.
2565,183.0, False.
2566,147.0, False.
2567,58.0, True.
2568,102.0, False.
2569,123.0, False.
2570,64.0, False.
2571,103.0, False.
2572,152.0, True.
2573,124.0, True.
2574,97.0, False.
2575,131.0, True.
2576,57.0, False.
2577,157.0, False.
2578,194.0, False.
2579,66.0, False.
2580,155.0, False.
2581,123.0, True.
2582,116.0, False.
2583,63.0, False.
2584,64.0, False.
2585,96.0, False.
2586,53.0, False.
2587,105.0, False.
2588,53.0, False.
2589,101.0, False.
2590,129.0, False.
2591,122.0, True.
2592,163.0, False.
2593,93.0, False.
2594,115.0, True.
2595,25.0, True.
2596,73.0, False.
2597,120.0, False.
2598,196.0, False.
2599,97.0, True.
2600,148.0, False.
2601,85.0, False.
2602,86.0, True.
2603,78.0, False.
2604,106.0, False.
2605,147.0, False.
2606,145.0, True.
2607,91.0, False.
2608,81.0, False.
2609,116.0, False.
2610,69.0, False.
2611,135.0, False.
2612,73.0, False.
2613,48.0, False.
2614,125.0, True.
2615,100.0, False.
2616,165.0, False.
2617,64.0, False.
2618,116.0, False.
2619,147.0, True.
2620,115.0, False.
2621,84.0, False.
2622,86.0, False.
2623,134.0, False.
2624,105.0, True.
2625,88.0, False.
2626,90.0, False.
2627,86.0, False.
2628,37.0, False.
2629,141.0, True.
2630,148.0, False.
2631,163.0, False.
2632,89.0, False.
2633,63.0, False.
2634,102.0, False.
2635,76.0, False.
2636,104.0, False.
2637,109.0, False.
2638,105.0, False.
2639,63.0, False.
2640,105.0, False.
2641,68.0, False.
2642,63.0, False.
2643,74.0, False.
2644,76.0, False.
2645,91.0, True.
2646,101.0, False.
2647,116.0, True.
2648,131.0, False.
2649,84.0, False.
2650,104.0, False.
2651,108.0, False.
2652,111.0, False.
2653,155.0, False.
2654,66.0, False.
2655,64.0, False.
2656,69.0, False.
2657,116.0, False.
2658,101.0, False.
2659,15.0, False.
2660,88.0, True.
2661,197.0, False.
2662,50.0, True.
2663,172.0, False.
2664,188.0, True.
2665,85.0, False.
2666,103.0, True.
2667,136.0, False.
2668,155.0, False.
2669,145.0, False.
2670,116.0, False.
2671,152.0, False.
2672,65.0, True.
2673,180.0, True.
2674,67.0, False.
2675,60.0, False.
2676,138.0, False.
2677,44.0, True.
2678,25.0, False.
2679,145.0, False.
2680,122.0, False.
2681,121.0, True.
2682,55.0, False.
2683,77.0, False.
2684,12.0, False.
2685,64.0, False.
2686,92.0, False.
2687,125.0, True.
2688,160.0, False.
2689,79.0, False.
2690,36.0, False.
2691,102.0, False.
2692,138.0, False.
2693,164.0, False.
2694,125.0, True.
2695,72.0, False.
2696,74.0, True.
2697,134.0, False.
2698,145.0, False.
2699,136.0, False.
2700,209.0, True.
2701,66.0, False.
2702,152.0, False.
2703,162.0, False.
2704,72.0, False.
2705,101.0, False.
2706,125.0, False.
2707,46.0, False.
2708,132.0, True.
2709,193.0, False.
2710,63.0, True.
2711,124.0, False.
2712,144.0, False.
2713,116.0, False.
2714,189.0, False.
2715,97.0, False.
2716,137.0, False.
2717,142.0, False.
2718,84.0, False.
2719,119.0, False.
2720,158.0, False.
2721,50.0, False.
2722,98.0, False.
2723,101.0, False.
2724,182.0, True.
2725,51.0, False.
2726,117.0, False.
2727,92.0, False.
2728,86.0, False.
2729,122.0, False.
2730,156.0, False.
2731,127.0, True.
2732,130.0, True.
2733,158.0, False.
2734,145.0, False.
2735,90.0, True.
2736,127.0, False.
2737,109.0, False.
2738,88.0, False.
2739,101.0, False.
2740,171.0, False.
2741,21.0, False.
2742,145.0, False.
2743,90.0, False.
2744,33.0, False.
2745,61.0, True.
2746,107.0, False.
2747,147.0, True.
2748,117.0, False.
2749,95.0, False.
2750,186.0, False.
2751,128.0, False.
2752,55.0, False.
2753,134.0, False.
2754,96.0, False.
2755,107.0, False.
2756,123.0, False.
2757,35.0, False.
2758,74.0, False.
2759,130.0, False.
2760,137.0, True.
2761,88.0, False.
2762,80.0, False.
2763,116.0, False.
2764,123.0, False.
2765,120.0, False.
2766,146.0, False.
2767,106.0, False.
2768,121.0, False.
2769,137.0, False.
2770,84.0, False.
2771,67.0, False.
2772,161.0, True.
2773,134.0, True.
2774,62.0, True.
2775,120.0, False.
2776,130.0, False.
2777,20.0, False.
2778,68.0, False.
2779,112.0, False.
2780,77.0, False.
2781,109.0, False.
2782,108.0, False.
2783,79.0, False.
2784,119.0, True.
2785,38.0, True.
2786,109.0, True.
2787,78.0, False.
2788,134.0, False.
2789,47.0, False.
2790,59.0, False.
2791,151.0, False.
2792,129.0, False.
2793,107.0, False.
2794,137.0, True.
2795,76.0, False.
2796,24.0, False.
2797,169.0, False.
2798,30.0, False.
2799,70.0, False.
2800,52.0, True.
2801,3.0, False.
2802,38.0, False.
2803,104.0, False.
2804,27.0, False.
2805,166.0, False.
2806,13.0, False.
2807,52.0, False.
2808,114.0, False.
2809,156.0, False.
2810,90.0, False.
2811,62.0, False.
2812,82.0, False.
2813,52.0, False.
2814,146.0, False.
2815,120.0, False.
2816,130.0, True.
2817,90.0, False.
2818,147.0, False.
2819,159.0, True.
2820,74.0, False.
2821,130.0, False.
2822,155.0, False.
2823,87.0, False.
2824,81.0, True.
2825,99.0, False.
2826,131.0, False.
2827,89.0, True.
2828,123.0, True.
2829,130.0, False.
2830,99.0, False.
2831,36.0, False.
2832,87.0, False.
2833,139.0, False.
2834,189.0, False.
2835,96.0, False.
2836,112.0, False.
2837,75.0, False.
2838,178.0, False.
2839,112.0, True.
2840,108.0, False.
2841,100.0, False.
2842,121.0, False.
2843,116.0, False.
2844,161.0, False.
2845,19.0, False.
2846,104.0, False.
2847,119.0, False.
2848,125.0, False.
2849,156.0, False.
2850,109.0, False.
2851,95.0, False.
2852,90.0, False.
2853,105.0, False.
2854,101.0, False.
2855,95.0, False.
2856,123.0, False.
2857,160.0, False.
2858,141.0, False.
2859,87.0, False.
2860,81.0, False.
2861,75.0, False.
2862,126.0, False.
2863,28.0, False.
2864,153.0, False.
2865,97.0, True.
2866,115.0, False.
2867,95.0, False.
2868,17.0, True.
2869,105.0, False.
2870,121.0, False.
2871,125.0, False.
2872,124.0, False.
2873,35.0, False.
2874,134.0, True.
2875,123.0, False.
2876,124.0, False.
2877,133.0, False.
2878,185.0, False.
2879,1.0, False.
2880,107.0, False.
2881,91.0, False.
2882,178.0, True.
2883,123.0, False.
2884,170.0, True.
2885,135.0, False.
2886,85.0, False.
2887,134.0, False.
2888,148.0, False.
2889,93.0, True.
2890,138.0, False.
2891,159.0, False.
2892,103.0, False.
2893,150.0, False.
2894,37.0, False.
2895,33.0, False.
2896,55.0, False.
2897,134.0, False.
2898,107.0, False.
2899,80.0, False.
2900,78.0, True.
2901,85.0, True.
2902,61.0, False.
2903,97.0, False.
2904,136.0, False.
2905,135.0, False.
2906,87.0, False.
2907,165.0, False.
2908,148.0, True.
2909,99.0, False.
2910,123.0, False.
2911,127.0, False.
2912,151.0, False.
2913,185.0, False.
2914,65.0, False.
2915,58.0, False.
2916,104.0, False.
2917,44.0, False.
2918,58.0, False.
2919,108.0, False.
2920,132.0, False.
2921,80.0, False.
2922,162.0, False.
2923,110.0, False.
2924,96.0, True.
2925,168.0, True.
2926,72.0, True.
2927,125.0, False.
2928,170.0, False.
2929,71.0, False.
2930,124.0, False.
2931,68.0, False.
2932,97.0, False.
2933,98.0, False.
2934,24.0, True.
2935,136.0, False.
2936,44.0, True.
2937,96.0, False.
2938,31.0, False.
2939,72.0, False.
2940,24.0, False.
2941,112.0, False.
2942,117.0, True.
2943,137.0, False.
2944,136.0, False.
2945,95.0, False.
2946,82.0, False.
2947,145.0, True.
2948,56.0, False.
2949,155.0, False.
2950,133.0, True.
2951,53.0, False.
2952,123.0, True.
2953,136.0, False.
2954,57.0, False.
2955,62.0, False.
2956,112.0, False.
2957,55.0, False.
2958,95.0, True.
2959,125.0, False.
2960,1.0, True.
2961,98.0, True.
2962,105.0, False.
2963,113.0, False.
2964,99.0, True.
2965,103.0, False.
2966,177.0, False.
2967,149.0, False.
2968,160.0, True.
2969,116.0, False.
2970,90.0, False.
2971,148.0, True.
2972,147.0, True.
2973,95.0, False.
2974,201.0, False.
2975,80.0, False.
2976,122.0, False.
2977,132.0, False.
2978,83.0, False.
2979,99.0, True.
2980,84.0, True.
2981,46.0, False.
2982,87.0, False.
2983,150.0, False.
2984,73.0, False.
2985,7.0, False.
2986,89.0, False.
2987,131.0, True.
2988,105.0, False.
2989,108.0, True.
2990,47.0, False.
2991,101.0, False.
2992,182.0, False.
2993,161.0, False.
2994,128.0, True.
2995,69.0, False.
2996,113.0, False.
2997,87.0, False.
2998,71.0, False.
2999,76.0, False.
3000,87.0, False.
3001,117.0, False.
3002,177.0, True.
3003,95.0, False.
3004,76.0, False.
3005,66.0, False.
3006,110.0, False.
3007,204.0, False.
3008,32.0, False.
3009,133.0, False.
3010,185.0, False.
3011,103.0, False.
3012,91.0, False.
3013,131.0, False.
3014,153.0, False.
3015,132.0, False.
3016,148.0, False.
3017,141.0, False.
3018,105.0, False.
3019,169.0, True.
3020,127.0, False.
3021,57.0, False.
3022,123.0, False.
3023,103.0, True.
3024,101.0, False.
3025,123.0, False.
3026,78.0, False.
3027,101.0, False.
3028,129.0, False.
3029,67.0, False.
3030,37.0, False.
3031,64.0, False.
3032,173.0, False.
3033,135.0, False.
3034,75.0, False.
3035,88.0, True.
3036,112.0, False.
3037,113.0, False.
3038,121.0, False.
3039,70.0, False.
3040,90.0, False.
3041,39.0, False.
3042,142.0, False.
3043,176.0, False.
3044,105.0, False.
3045,57.0, True.
3046,110.0, False.
3047,88.0, False.
3048,95.0, False.
3049,147.0, False.
3050,101.0, True.
3051,115.0, False.
3052,103.0, False.
3053,82.0, False.
3054,141.0, False.
3055,149.0, False.
3056,131.0, False.
3057,119.0, False.
3058,112.0, False.
3059,116.0, False.
3060,94.0, False.
3061,90.0, False.
3062,114.0, False.
3063,63.0, False.
3064,130.0, True.
3065,122.0, False.
3066,166.0, False.
3067,62.0, False.
3068,78.0, False.
3069,148.0, False.
3070,154.0, True.
3071,110.0, False.
3072,75.0, True.
3073,84.0, False.
3074,113.0, False.
3075,181.0, False.
3076,51.0, False.
3077,102.0, False.
3078,107.0, False.
3079,88.0, True.
3080,82.0, False.
3081,204.0, False.
3082,130.0, False.
3083,174.0, False.
3084,129.0, False.
3085,190.0, False.
3086,54.0, False.
3087,78.0, False.
3088,100.0, False.
3089,70.0, False.
3090,111.0, False.
3091,117.0, False.
3092,68.0, False.
3093,27.0, True.
3094,91.0, False.
3095,181.0, False.
3096,118.0, False.
3097,112.0, False.
3098,93.0, False.
3099,102.0, False.
3100,93.0, False.
3101,107.0, False.
3102,100.0, False.
3103,115.0, False.
3104,63.0, False.
3105,57.0, False.
3106,119.0, False.
3107,73.0, False.
3108,98.0, False.
3109,139.0, False.
3110,31.0, False.
3111,129.0, False.
3112,115.0, True.
3113,108.0, True.
3114,139.0, False.
3115,102.0, False.
3116,149.0, False.
3117,113.0, False.
3118,131.0, False.
3119,83.0, False.
3120,96.0, False.
3121,98.0, False.
3122,3.0, False.
3123,77.0, False.
3124,75.0, False.
3125,40.0, True.
3126,108.0, False.
3127,100.0, True.
3128,16.0, False.
3129,115.0, False.
3130,108.0, False.
3131,107.0, False.
3132,161.0, True.
3133,147.0, False.
3134,107.0, False.
3135,120.0, False.
3136,107.0, False.
3137,58.0, False.
3138,91.0, False.
3139,13.0, False.
3140,104.0, False.
3141,93.0, False.
3142,95.0, False.
3143,104.0, False.
3144,35.0, True.
3145,62.0, False.
3146,143.0, False.
3147,62.0, False.
3148,60.0, True.
3149,41.0, False.
3150,34.0, False.
3151,56.0, True.
3152,183.0, False.
3153,94.0, False.
3154,73.0, False.
3155,123.0, False.
3156,64.0, False.
3157,127.0, True.
3158,33.0, False.
3159,27.0, False.
3160,123.0, False.
3161,148.0, False.
3162,81.0, False.
3163,122.0, False.
3164,52.0, False.
3165,91.0, False.
3166,54.0, True.
3167,152.0, False.
3168,201.0, True.
3169,78.0, True.
3170,67.0, False.
3171,100.0, False.
3172,41.0, False.
3173,133.0, False.
3174,36.0, False.
3175,51.0, False.
3176,122.0, False.
3177,84.0, False.
3178,91.0, False.
3179,110.0, False.
3180,91.0, False.
3181,121.0, False.
3182,109.0, False.
3183,95.0, False.
3184,72.0, False.
3185,73.0, False.
3186,108.0, False.
3187,58.0, False.
3188,148.0, False.
3189,76.0, True.
3190,103.0, True.
3191,87.0, True.
3192,35.0, False.
3193,88.0, False.
3194,67.0, False.
3195,77.0, False.
3196,124.0, False.
3197,30.0, False.
3198,53.0, False.
3199,152.0, False.
3200,100.0, False.
3201,59.0, False.
3202,143.0, False.
3203,142.0, False.
3204,105.0, False.
3205,111.0, True.
3206,143.0, False.
3207,93.0, False.
3208,79.0, False.
3209,68.0, True.
3210,93.0, False.
3211,103.0, False.
3212,144.0, False.
3213,93.0, False.
3214,149.0, False.
3215,23.0, False.
3216,221.0, False.
3217,164.0, False.
3218,104.0, False.
3219,150.0, False.
3220,184.0, False.
3221,88.0, False.
3222,61.0, False.
3223,110.0, False.
3224,115.0, True.
3225,33.0, False.
3226,100.0, True.
3227,209.0, False.
3228,27.0, False.
3229,117.0, False.
3230,87.0, False.
3231,129.0, False.
3232,142.0, False.
3233,112.0, False.
3234,75.0, False.
3235,97.0, False.
3236,121.0, False.
3237,142.0, False.
3238,121.0, True.
3239,87.0, False.
3240,34.0, False.
3241,177.0, True.
3242,58.0, False.
3243,113.0, True.
3244,101.0, False.
3245,89.0, False.
3246,77.0, True.
3247,146.0, True.
3248,93.0, False.
3249,160.0, False.
3250,55.0, False.
3251,88.0, False.
3252,63.0, False.
3253,127.0, False.
3254,57.0, False.
3255,138.0, True.
3256,115.0, False.
3257,171.0, False.
3258,148.0, False.
3259,127.0, False.
3260,61.0, False.
3261,131.0, False.
3262,88.0, False.
3263,130.0, False.
3264,89.0, False.
3265,82.0, True.
3266,138.0, False.
3267,115.0, False.
3268,84.0, True.
3269,117.0, False.
3270,60.0, False.
3271,62.0, False.
3272,133.0, True.
3273,131.0, False.
3274,65.0, False.
3275,120.0, False.
3276,142.0, False.
3277,134.0, False.
3278,87.0, False.
3279,139.0, False.
3280,76.0, True.
3281,100.0, False.
3282,99.0, False.
3283,99.0, False.
3284,48.0, False.
3285,57.0, False.
3286,106.0, False.
3287,170.0, True.
3288,78.0, False.
3289,39.0, False.
3290,127.0, False.
3291,119.0, True.
3292,114.0, False.
3293,95.0, False.
3294,116.0, False.
3295,110.0, False.
3296,74.0, False.
3297,148.0, False.
3298,83.0, False.
3299,73.0, False.
3300,111.0, False.
3301,84.0, True.
3302,75.0, False.
3303,114.0, False.
3304,71.0, True.
3305,58.0, False.
3306,106.0, False.
3307,172.0, False.
3308,45.0, False.
3309,100.0, False.
3310,94.0, False.
3311,128.0, False.
3312,181.0, False.
3313,127.0, False.
3314,89.0, False.
3315,149.0, False.
3316,103.0, False.
3317,163.0, False.
3318,52.0, False.
3319,89.0, False.
3320,122.0, True.
3321,60.0, False.
3322,62.0, True.
3323,117.0, True.
3324,159.0, False.
3325,78.0, False.
3326,96.0, False.
3327,79.0, False.
3328,192.0, False.
3329,68.0, False.
3330,28.0, False.
3331,184.0, False.
3332,74.0, False.
3333,101.0, False.
3334,137.0, False.
3335,103.0, False.
3336,99.0, False.
3337,108.0, False.
3338,117.0, False.
3339,63.0, False.
3340,94.0, False.
3341,138.0, False.
3342,128.0, False.
3343,113.0, False.
3344,140.0, False.
3345,102.0, False.
3346,108.0, False.
3347,60.0, False.
3348,96.0, False.
3349,178.0, False.
3350,75.0, False.
3351,106.0, False.
3352,158.0, False.
3353,111.0, False.
3354,102.0, False.
3355,92.0, False.
3356,42.0, False.
3357,69.0, False.
3358,117.0, False.
3359,76.0, False.
3360,72.0, False.
3361,115.0, False.
3362,68.0, False.
3363,60.0, False.
3364,97.0, False.
3365,92.0, False.
3366,178.0, False.
3367,90.0, False.
3368,72.0, False.
3369,73.0, True.
3370,54.0, False.
3371,161.0, False.
3372,125.0, True.
3373,194.0, True.
3374,69.0, False.
3375,141.0, False.
3376,98.0, True.
3377,110.0, False.
3378,70.0, False.
3379,72.0, False.
3380,66.0, False.
3381,79.0, False.
3382,61.0, True.
3383,97.0, False.
3384,63.0, False.
3385,77.0, False.
3386,73.0, False.
3387,105.0, False.
3388,159.0, False.
3389,83.0, False.
3390,93.0, False.
3391,106.0, False.
3392,98.0, False.
3393,163.0, False.
3394,169.0, False.
3395,111.0, True.
3396,163.0, False.
3397,57.0, False.
3398,117.0, False.
3399,85.0, False.
3400,132.0, False.
3401,190.0, False.
3402,39.0, False.
3403,84.0, False.
3404,71.0, False.
3405,114.0, False.
3406,135.0, False.
3407,93.0, False.
3408,82.0, False.
3409,64.0, True.
3410,76.0, False.
3411,112.0, False.
3412,113.0, False.
3413,137.0, True.
3414,128.0, False.
3415,84.0, False.
3416,140.0, False.
3417,106.0, False.
3418,166.0, False.
3419,137.0, False.
3420,161.0, False.
3421,120.0, True.
3422,187.0, False.
3423,102.0, False.
3424,82.0, False.
3425,100.0, False.
3426,45.0, False.
3427,114.0, False.
3428,43.0, True.
3429,103.0, False.
3430,57.0, False.
3431,52.0, False.
3432,74.0, False.
3433,74.0, False.
3434,40.0, False.
3435,83.0, False.
3436,102.0, False.
3437,92.0, False.
3438,79.0, False.
3439,110.0, True.
3440,69.0, False.
3441,56.0, False.
3442,133.0, True.
3443,119.0, False.
3444,131.0, False.
3445,60.0, False.
3446,118.0, False.
3447,92.0, False.
3448,52.0, False.
3449,135.0, False.
3450,107.0, False.
3451,110.0, False.
3452,109.0, True.
3453,90.0, False.
3454,117.0, False.
3455,57.0, False.
3456,115.0, False.
3457,73.0, True.
3458,127.0, False.
3459,79.0, False.
3460,33.0, False.
3461,110.0, True.
3462,133.0, False.
3463,145.0, False.
3464,47.0, False.
3465,53.0, False.
3466,148.0, False.
3467,72.0, False.
3468,96.0, True.
3469,113.0, False.
3470,55.0, False.
3471,143.0, False.
3472,60.0, False.
3473,90.0, False.
3474,170.0, False.
3475,65.0, False.
3476,93.0, False.
3477,117.0, False.
3478,96.0, False.
3479,101.0, False.
3480,60.0, False.
3481,157.0, False.
3482,89.0, True.
3483,96.0, False.
3484,91.0, False.
3485,104.0, False.
3486,40.0, True.
3487,161.0, True.
3488,131.0, False.
3489,131.0, False.
3490,79.0, False.
3491,130.0, False.
3492,161.0, False.
3493,108.0, False.
3494,69.0, True.
3495,80.0, False.
3496,146.0, False.
3497,143.0, False.
3498,114.0, True.
3499,113.0, False.
3500,29.0, False.
3501,57.0, False.
3502,78.0, False.
3503,120.0, False.
3504,97.0, False.
3505,185.0, False.
3506,144.0, False.
3507,97.0, False.
3508,130.0, False.
3509,59.0, False.
3510,139.0, False.
3511,12.0, False.
3512,42.0, False.
3513,63.0, False.
3514,143.0, False.
3515,150.0, False.
3516,156.0, False.
3517,98.0, False.
3518,17.0, False.
3519,101.0, False.
3520,163.0, False.
3521,140.0, False.
3522,176.0, False.
3523,102.0, False.
3524,71.0, False.
3525,104.0, True.
3526,96.0, False.
3527,90.0, False.
3528,106.0, False.
3529,148.0, False.
3530,66.0, False.
3531,95.0, False.
3532,127.0, False.
3533,79.0, False.
3534,83.0, False.
3535,83.0, False.
3536,136.0, False.
3537,17.0, False.
3538,165.0, False.
3539,149.0, False.
3540,79.0, True.
3541,94.0, False.
3542,93.0, False.
3543,109.0, False.
3544,106.0, False.
3545,92.0, False.
3546,93.0, True.
3547,124.0, False.
3548,117.0, True.
3549,163.0, True.
3550,87.0, False.
3551,59.0, True.
3552,103.0, False.
3553,101.0, False.
3554,72.0, True.
3555,108.0, True.
3556,80.0, False.
3557,117.0, False.
3558,51.0, False.
3559,126.0, False.
3560,149.0, False.
3561,158.0, False.
3562,66.0, False.
3563,82.0, False.
3564,127.0, False.
3565,108.0, False.
3566,106.0, False.
3567,62.0, False.
3568,48.0, False.
3569,58.0, False.
3570,138.0, False.
3571,81.0, False.
3572,36.0, False.
3573,90.0, False.
3574,177.0, False.
3575,108.0, False.
3576,25.0, False.
3577,133.0, False.
3578,90.0, False.
3579,94.0, False.
3580,68.0, False.
3581,171.0, False.
3582,122.0, False.
3583,94.0, False.
3584,25.0, False.
3585,120.0, True.
3586,107.0, False.
3587,78.0, True.
3588,93.0, False.
3589,80.0, False.
3590,127.0, False.
3591,82.0, False.
3592,44.0, False.
3593,69.0, False.
3594,89.0, False.
3595,69.0, True.
3596,64.0, False.
3597,167.0, False.
3598,139.0, False.
3599,41.0, False.
3600,104.0, False.
3601,166.0, True.
3602,68.0, False.
3603,78.0, False.
3604,60.0, True.
3605,184.0, False.
3606,171.0, False.
3607,68.0, False.
3608,88.0, True.
3609,130.0, False.
3610,156.0, False.
3611,92.0, False.
3612,151.0, False.
3613,78.0, True.
3614,102.0, True.
3615,131.0, False.
3616,127.0, True.
3617,100.0, True.
3618,94.0, False.
3619,81.0, False.
3620,160.0, False.
3621,100.0, False.
3622,78.0, False.
3623,139.0, False.
3624,88.0, False.
3625,152.0, False.
3626,144.0, False.
3627,45.0, False.
3628,127.0, True.
3629,102.0, False.
3630,49.0, True.
3631,36.0, False.
3632,13.0, False.
3633,151.0, False.
3634,111.0, False.
3635,135.0, False.
3636,114.0, False.
3637,122.0, False.
3638,89.0, True.
3639,96.0, False.
3640,106.0, False.
3641,122.0, False.
3642,87.0, False.
3643,145.0, False.
3644,136.0, False.
3645,111.0, False.
3646,167.0, False.
3647,88.0, False.
3648,131.0, False.
3649,90.0, False.
3650,95.0, False.
3651,42.0, False.
3652,69.0, False.
3653,99.0, False.
3654,72.0, False.
3655,88.0, False.
3656,113.0, True.
3657,142.0, False.
3658,3.0, False.
3659,23.0, True.
3660,75.0, False.
3661,151.0, False.
3662,91.0, False.
3663,78.0, False.
3664,98.0, False.
3665,166.0, True.
3666,78.0, False.
3667,69.0, True.
3668,122.0, False.
3669,138.0, False.
3670,19.0, False.
3671,141.0, False.
3672,79.0, False.
3673,171.0, False.
3674,51.0, False.
3675,114.0, True.
3676,98.0, False.
3677,94.0, False.
3678,100.0, False.
3679,125.0, False.
3680,81.0, False.
3681,154.0, True.
3682,91.0, False.
3683,94.0, False.
3684,57.0, False.
3685,140.0, False.
3686,64.0, True.
3687,52.0, False.
3688,117.0, True.
3689,119.0, False.
3690,85.0, False.
3691,92.0, False.
3692,116.0, True.
3693,163.0, False.
3694,88.0, False.
3695,83.0, False.
3696,117.0, False.
3697,90.0, False.
3698,137.0, False.
3699,112.0, False.
3700,52.0, False.
3701,173.0, False.
3702,3.0, True.
3703,120.0, False.
3704,132.0, False.
3705,101.0, False.
3706,58.0, False.
3707,74.0, False.
3708,113.0, False.
3709,132.0, False.
3710,24.0, False.
3711,127.0, False.
3712,85.0, False.
3713,59.0, False.
3714,15.0, False.
3715,113.0, False.
3716,43.0, False.
3717,185.0, True.
3718,127.0, False.
3719,69.0, False.
3720,102.0, False.
3721,126.0, False.
3722,137.0, False.
3723,80.0, False.
3724,86.0, False.
3725,120.0, False.
3726,85.0, False.
3727,103.0, False.
3728,53.0, False.
3729,115.0, False.
3730,116.0, False.
3731,93.0, False.
3732,106.0, False.
3733,92.0, True.
3734,110.0, False.
3735,122.0, False.
3736,82.0, False.
3737,71.0, False.
3738,91.0, True.
3739,109.0, False.
3740,126.0, False.
3741,98.0, False.
3742,98.0, False.
3743,78.0, False.
3744,44.0, False.
3745,60.0, False.
3746,113.0, True.
3747,101.0, False.
3748,147.0, False.
3749,21.0, False.
3750,141.0, False.
3751,87.0, False.
3752,69.0, False.
3753,169.0, False.
3754,102.0, True.
3755,174.0, False.
3756,53.0, False.
3757,44.0, False.
3758,89.0, False.
3759,116.0, False.
3760,143.0, False.
3761,78.0, False.
3762,93.0, False.
3763,106.0, False.
3764,116.0, False.
3765,42.0, False.
3766,173.0, False.
3767,80.0, False.
3768,70.0, False.
3769,162.0, True.
3770,112.0, False.
3771,186.0, False.
3772,99.0, False.
3773,56.0, False.
3774,135.0, False.
3775,83.0, False.
3776,48.0, False.
3777,112.0, False.
3778,112.0, False.
3779,141.0, False.
3780,73.0, False.
3781,81.0, False.
3782,165.0, False.
3783,70.0, False.
3784,79.0, False.
3785,126.0, False.
3786,77.0, False.
3787,72.0, False.
3788,142.0, False.
3789,169.0, False.
3790,110.0, False.
3791,88.0, False.
3792,80.0, True.
3793,43.0, False.
3794,144.0, False.
3795,142.0, False.
3796,158.0, False.
3797,78.0, False.
3798,131.0, False.
3799,61.0, False.
3800,73.0, False.
3801,100.0, False.
3802,100.0, False.
3803,109.0, True.
3804,103.0, False.
3805,139.0, False.
3806,63.0, False.
3807,115.0, False.
3808,77.0, False.
3809,14.0, False.
3810,81.0, False.
3811,113.0, False.
3812,93.0, False.
3813,77.0, False.
3814,125.0, False.
3815,88.0, False.
3816,89.0, False.
3817,40.0, False.
3818,124.0, False.
3819,117.0, False.
3820,83.0, False.
3821,7.0, False.
3822,104.0, True.
3823,128.0, False.
3824,76.0, False.
3825,135.0, False.
3826,59.0, False.
3827,111.0, False.
3828,110.0, False.
3829,173.0, False.
3830,60.0, False.
3831,117.0, False.
3832,54.0, False.
3833,76.0, False.
3834,167.0, False.
3835,98.0, False.
3836,74.0, False.
3837,112.0, False.
3838,138.0, False.
3839,65.0, False.
3840,194.0, False.
3841,131.0, True.
3842,54.0, False.
3843,78.0, False.
3844,115.0, False.
3845,99.0, False.
3846,120.0, False.
3847,112.0, True.
3848,1.0, False.
3849,94.0, False.
3850,94.0, False.
3851,178.0, True.
3852,136.0, True.
3853,86.0, False.
3854,87.0, True.
3855,18.0, False.
3856,49.0, False.
3857,20.0, False.
3858,131.0, False.
3859,11.0, False.
3860,99.0, False.
3861,61.0, False.
3862,137.0, False.
3863,49.0, False.
3864,83.0, False.
3865,192.0, False.
3866,105.0, False.
3867,124.0, False.
3868,90.0, True.
3869,111.0, False.
3870,135.0, False.
3871,121.0, False.
3872,57.0, False.
3873,63.0, True.
3874,97.0, False.
3875,93.0, False.
3876,97.0, False.
3877,134.0, False.
3878,57.0, False.
3879,109.0, False.
3880,66.0, False.
3881,162.0, False.
3882,115.0, False.
3883,132.0, False.
3884,152.0, False.
3885,86.0, False.
3886,36.0, False.
3887,118.0, False.
3888,137.0, False.
3889,67.0, False.
3890,164.0, False.
3891,180.0, False.
3892,80.0, False.
3893,126.0, False.
3894,138.0, False.
3895,101.0, False.
3896,147.0, False.
3897,58.0, False.
3898,35.0, False.
3899,163.0, False.
3900,103.0, False.
3901,152.0, True.
3902,44.0, False.
3903,75.0, False.
3904,103.0, False.
3905,126.0, False.
3906,104.0, False.
3907,99.0, False.
3908,119.0, False.
3909,155.0, True.
3910,51.0, False.
3911,142.0, False.
3912,108.0, False.
3913,154.0, False.
3914,171.0, False.
3915,33.0, False.
3916,68.0, True.
3917,65.0, False.
3918,95.0, False.
3919,47.0, False.
3920,49.0, False.
3921,104.0, False.
3922,173.0, False.
3923,98.0, False.
3924,81.0, False.
3925,70.0, False.
3926,63.0, False.
3927,32.0, False.
3928,111.0, False.
3929,96.0, False.
3930,79.0, False.
3931,123.0, True.
3932,88.0, True.
3933,182.0, False.
3934,84.0, False.
3935,109.0, False.
3936,79.0, False.
3937,68.0, False.
3938,129.0, False.
3939,70.0, False.
3940,44.0, False.
3941,113.0, False.
3942,38.0, False.
3943,86.0, False.
3944,170.0, False.
3945,59.0, False.
3946,112.0, False.
3947,152.0, False.
3948,108.0, False.
3949,91.0, False.
3950,57.0, False.
3951,112.0, False.
3952,100.0, False.
3953,42.0, False.
3954,68.0, True.
3955,132.0, False.
3956,137.0, False.
3957,42.0, False.
3958,81.0, False.
3959,135.0, False.
3960,102.0, False.
3961,117.0, True.
3962,37.0, False.
3963,72.0, False.
3964,48.0, False.
3965,155.0, False.
3966,124.0, True.
3967,91.0, False.
3968,169.0, False.
3969,74.0, False.
3970,101.0, False.
3971,142.0, False.
3972,61.0, False.
3973,50.0, True.
3974,82.0, False.
3975,142.0, False.
3976,27.0, False.
3977,165.0, False.
3978,111.0, True.
3979,33.0, False.
3980,55.0, False.
3981,96.0, False.
3982,115.0, False.
3983,65.0, True.
3984,50.0, False.
3985,137.0, False.
3986,95.0, True.
3987,118.0, True.
3988,84.0, False.
3989,42.0, False.
3990,53.0, False.
3991,123.0, True.
3992,60.0, False.
3993,112.0, True.
3994,43.0, False.
3995,150.0, False.
3996,92.0, False.
3997,68.0, False.
3998,159.0, False.
3999,158.0, False.
4000,119.0, False.
4001,54.0, False.
4002,60.0, True.
4003,111.0, False.
4004,119.0, False.
4005,74.0, False.
4006,118.0, False.
4007,124.0, False.
4008,133.0, False.
4009,49.0, False.
4010,112.0, False.
4011,130.0, False.
4012,130.0, False.
4013,188.0, False.
4014,174.0, False.
4015,57.0, False.
4016,98.0, False.
4017,105.0, False.
4018,175.0, True.
4019,100.0, False.
4020,132.0, False.
4021,117.0, True.
4022,65.0, False.
4023,131.0, True.
4024,114.0, False.
4025,127.0, False.
4026,94.0, False.
4027,67.0, True.
4028,123.0, False.
4029,116.0, False.
4030,107.0, True.
4031,110.0, False.
4032,29.0, False.
4033,76.0, False.
4034,115.0, False.
4035,68.0, False.
4036,63.0, False.
4037,69.0, False.
4038,97.0, False.
4039,108.0, False.
4040,79.0, False.
4041,52.0, True.
4042,114.0, False.
4043,90.0, False.
4044,82.0, False.
4045,122.0, False.
4046,73.0, False.
4047,100.0, False.
4048,124.0, True.
4049,112.0, False.
4050,120.0, False.
4051,95.0, False.
4052,102.0, False.
4053,61.0, True.
4054,42.0, False.
4055,104.0, False.
4056,184.0, False.
4057,29.0, False.
4058,5.0, False.
4059,58.0, False.
4060,103.0, False.
4061,165.0, False.
4062,77.0, True.
4063,156.0, False.
4064,132.0, False.
4065,115.0, False.
4066,109.0, False.
4067,117.0, True.
4068,148.0, False.
4069,135.0, False.
4070,87.0, False.
4071,26.0, False.
4072,78.0, False.
4073,78.0, False.
4074,121.0, False.
4075,101.0, False.
4076,90.0, False.
4077,83.0, False.
4078,81.0, False.
4079,119.0, True.
4080,134.0, False.
4081,48.0, False.
4082,185.0, False.
4083,91.0, False.
4084,90.0, False.
4085,159.0, False.
4086,103.0, False.
4087,142.0, True.
4088,104.0, False.
4089,82.0, False.
4090,76.0, False.
4091,88.0, False.
4092,118.0, False.
4093,139.0, True.
4094,87.0, False.
4095,167.0, False.
4096,138.0, False.
4097,130.0, False.
4098,87.0, False.
4099,69.0, False.
4100,164.0, False.
4101,109.0, False.
4102,53.0, False.
4103,59.0, False.
4104,124.0, False.
4105,73.0, False.
4106,94.0, False.
4107,80.0, False.
4108,101.0, False.
4109,115.0, False.
4110,100.0, False.
4111,85.0, False.
4112,110.0, True.
4113,92.0, False.
4114,102.0, False.
4115,134.0, False.
4116,96.0, False.
4117,42.0, False.
4118,175.0, False.
4119,136.0, False.
4120,32.0, True.
4121,101.0, True.
4122,132.0, False.
4123,120.0, False.
4124,122.0, False.
4125,52.0, False.
4126,182.0, False.
4127,138.0, False.
4128,130.0, False.
4129,106.0, False.
4130,150.0, True.
4131,94.0, True.
4132,116.0, False.
4133,89.0, False.
4134,45.0, False.
4135,74.0, True.
4136,158.0, False.
4137,76.0, True.
4138,102.0, False.
4139,4.0, False.
4140,161.0, True.
4141,116.0, True.
4142,49.0, False.
4143,86.0, False.
4144,39.0, False.
4145,118.0, False.
4146,57.0, False.
4147,138.0, False.
4148,98.0, False.
4149,67.0, False.
4150,145.0, False.
4151,77.0, False.
4152,99.0, False.
4153,106.0, True.
4154,32.0, False.
4155,131.0, False.
4156,100.0, False.
4157,174.0, True.
4158,98.0, True.
4159,42.0, False.
4160,99.0, False.
4161,122.0, False.
4162,4.0, True.
4163,119.0, False.
4164,31.0, False.
4165,114.0, True.
4166,47.0, False.
4167,77.0, False.
4168,39.0, False.
4169,193.0, False.
4170,103.0, False.
4171,36.0, True.
4172,149.0, False.
4173,87.0, False.
4174,1.0, False.
4175,62.0, False.
4176,112.0, False.
4177,82.0, False.
4178,86.0, False.
4179,141.0, False.
4180,55.0, False.
4181,127.0, False.
4182,82.0, False.
4183,69.0, False.
4184,131.0, False.
4185,87.0, True.
4186,63.0, False.
4187,124.0, False.
4188,148.0, False.
4189,68.0, False.
4190,72.0, True.
4191,119.0, False.
4192,43.0, False.
4193,136.0, False.
4194,97.0, False.
4195,149.0, False.
4196,59.0, True.
4197,77.0, False.
4198,110.0, False.
4199,70.0, False.
4200,155.0, False.
4201,151.0, False.
4202,125.0, True.
4203,83.0, False.
4204,94.0, False.
4205,11.0, False.
4206,92.0, False.
4207,70.0, False.
4208,82.0, False.
4209,65.0, False.
4210,102.0, True.
4211,112.0, True.
4212,78.0, False.
4213,77.0, False.
4214,126.0, False.
4215,58.0, False.
4216,38.0, False.
4217,87.0, False.
4218,72.0, False.
4219,69.0, False.
4220,85.0, False.
4221,176.0, False.
4222,133.0, False.
4223,146.0, False.
4224,31.0, False.
4225,78.0, True.
4226,118.0, False.
4227,119.0, False.
4228,141.0, True.
4229,91.0, True.
4230,150.0, True.
4231,76.0, False.
4232,159.0, False.
4233,66.0, False.
4234,139.0, False.
4235,122.0, False.
4236,91.0, True.
4237,131.0, False.
4238,135.0, False.
4239,109.0, False.
4240,129.0, False.
4241,85.0, False.
4242,125.0, False.
4243,67.0, False.
4244,61.0, False.
4245,77.0, False.
4246,135.0, False.
4247,43.0, False.
4248,120.0, False.
4249,62.0, False.
4250,160.0, False.
4251,67.0, True.
4252,98.0, False.
4253,103.0, True.
4254,121.0, False.
4255,111.0, False.
4256,127.0, False.
4257,65.0, True.
4258,86.0, True.
4259,133.0, False.
4260,238.0, False.
4261,119.0, False.
4262,113.0, False.
4263,126.0, False.
4264,103.0, True.
4265,104.0, False.
4266,56.0, False.
4267,56.0, False.
4268,155.0, True.
4269,100.0, False.
4270,113.0, False.
4271,103.0, False.
4272,160.0, False.
4273,142.0, False.
4274,73.0, False.
4275,135.0, False.
4276,120.0, False.
4277,29.0, False.
4278,158.0, False.
4279,132.0, False.
4280,104.0, True.
4281,74.0, False.
4282,28.0, False.
4283,45.0, True.
4284,60.0, False.
4285,173.0, True.
4286,152.0, False.
4287,140.0, False.
4288,94.0, False.
4289,88.0, False.
4290,170.0, False.
4291,57.0, False.
4292,78.0, True.
4293,102.0, False.
4294,49.0, True.
4295,195.0, False.
4296,64.0, True.
4297,105.0, True.
4298,81.0, False.
4299,123.0, False.
4300,63.0, False.
4301,126.0, False.
4302,153.0, False.
4303,67.0, False.
4304,65.0, False.
4305,21.0, False.
4306,72.0, False.
4307,176.0, True.
4308,150.0, False.
4309,108.0, True.
4310,129.0, False.
4311,73.0, False.
4312,90.0, False.
4313,105.0, False.
4314,115.0, False.
4315,82.0, False.
4316,131.0, False.
4317,77.0, False.
4318,201.0, False.
4319,139.0, False.
4320,94.0, False.
4321,95.0, False.
4322,138.0, False.
4323,105.0, False.
4324,81.0, True.
4325,127.0, False.
4326,84.0, False.
4327,47.0, False.
4328,128.0, True.
4329,39.0, False.
4330,76.0, True.
4331,95.0, False.
4332,82.0, True.
4333,167.0, False.
4334,104.0, False.
4335,136.0, False.
4336,83.0, False.
4337,78.0, True.
4338,135.0, False.
4339,79.0, False.
4340,133.0, False.
4341,76.0, False.
4342,216.0, False.
4343,73.0, False.
4344,183.0, False.
4345,106.0, False.
4346,78.0, False.
4347,109.0, False.
4348,90.0, False.
4349,112.0, False.
4350,92.0, False.
4351,35.0, False.
4352,28.0, False.
4353,93.0, False.
4354,26.0, False.
4355,33.0, True.
4356,120.0, False.
4357,124.0, False.
4358,56.0, False.
4359,39.0, False.
4360,158.0, False.
4361,106.0, False.
4362,52.0, False.
4363,112.0, False.
4364,148.0, False.
4365,12.0, False.
4366,109.0, True.
4367,142.0, False.
4368,60.0, False.
4369,141.0, False.
4370,168.0, True.
4371,138.0, True.
4372,88.0, False.
4373,119.0, False.
4374,31.0, False.
4375,102.0, False.
4376,149.0, True.
4377,138.0, False.
4378,118.0, False.
4379,222.0, False.
4380,130.0, False.
4381,60.0, False.
4382,90.0, False.
4383,140.0, True.
4384,101.0, False.
4385,134.0, False.
4386,88.0, True.
4387,118.0, False.
4388,93.0, False.
4389,232.0, False.
4390,137.0, False.
4391,3.0, False.
4392,137.0, False.
4393,42.0, False.
4394,58.0, False.
4395,233.0, False.
4396,55.0, False.
4397,69.0, False.
4398,100.0, False.
4399,111.0, False.
4400,86.0, False.
4401,105.0, False.
4402,111.0, False.
4403,75.0, False.
4404,95.0, True.
4405,137.0, False.
4406,116.0, True.
4407,125.0, False.
4408,65.0, False.
4409,55.0, False.
4410,86.0, False.
4411,100.0, True.
4412,70.0, False.
4413,67.0, False.
4414,50.0, False.
4415,42.0, False.
4416,76.0, False.
4417,103.0, False.
4418,90.0, False.
4419,66.0, False.
4420,22.0, False.
4421,67.0, True.
4422,147.0, False.
4423,57.0, False.
4424,7.0, False.
4425,85.0, False.
4426,92.0, False.
4427,92.0, False.
4428,116.0, False.
4429,133.0, False.
4430,134.0, False.
4431,19.0, False.
4432,66.0, False.
4433,65.0, False.
4434,104.0, False.
4435,140.0, False.
4436,102.0, False.
4437,101.0, True.
4438,62.0, False.
4439,115.0, False.
4440,111.0, False.
4441,119.0, False.
4442,121.0, False.
4443,108.0, False.
4444,63.0, False.
4445,59.0, False.
4446,82.0, False.
4447,126.0, False.
4448,110.0, False.
4449,85.0, False.
4450,46.0, False.
4451,44.0, False.
4452,171.0, False.
4453,88.0, False.
4454,169.0, False.
4455,48.0, False.
4456,65.0, False.
4457,81.0, False.
4458,53.0, False.
4459,72.0, False.
4460,100.0, False.
4461,82.0, False.
4462,71.0, False.
4463,103.0, False.
4464,87.0, False.
4465,116.0, True.
4466,140.0, False.
4467,93.0, False.
4468,90.0, False.
4469,130.0, False.
4470,121.0, False.
4471,47.0, True.
4472,94.0, False.
4473,76.0, False.
4474,69.0, False.
4475,117.0, False.
4476,70.0, True.
4477,130.0, False.
4478,109.0, False.
4479,115.0, False.
4480,114.0, False.
4481,135.0, False.
4482,79.0, False.
4483,123.0, False.
4484,112.0, False.
4485,57.0, False.
4486,143.0, False.
4487,107.0, False.
4488,103.0, True.
4489,157.0, True.
4490,120.0, False.
4491,81.0, False.
4492,136.0, True.
4493,83.0, False.
4494,137.0, False.
4495,93.0, False.
4496,103.0, False.
4497,96.0, False.
4498,77.0, False.
4499,128.0, False.
4500,116.0, False.
4501,96.0, False.
4502,60.0, True.
4503,105.0, False.
4504,123.0, False.
4505,84.0, False.
4506,107.0, False.
4507,86.0, True.
4508,115.0, False.
4509,128.0, False.
4510,97.0, False.
4511,90.0, False.
4512,22.0, False.
4513,121.0, True.
4514,169.0, False.
4515,83.0, False.
4516,87.0, False.
4517,126.0, False.
4518,61.0, False.
4519,90.0, False.
4520,131.0, False.
4521,89.0, False.
4522,71.0, False.
4523,166.0, False.
4524,146.0, False.
4525,90.0, False.
4526,59.0, False.
4527,25.0, False.
4528,124.0, False.
4529,105.0, False.
4530,143.0, False.
4531,162.0, False.
4532,56.0, False.
4533,105.0, False.
4534,73.0, False.
4535,54.0, False.
4536,98.0, False.
4537,100.0, True.
4538,107.0, False.
4539,167.0, False.
4540,49.0, False.
4541,34.0, False.
4542,109.0, False.
4543,109.0, False.
4544,39.0, False.
4545,90.0, False.
4546,114.0, False.
4547,113.0, False.
4548,19.0, False.
4549,94.0, False.
4550,69.0, False.
4551,90.0, False.
4552,48.0, False.
4553,122.0, False.
4554,123.0, False.
4555,81.0, False.
4556,43.0, False.
4557,25.0, False.
4558,170.0, False.
4559,129.0, False.
4560,82.0, False.
4561,132.0, False.
4562,42.0, True.
4563,8.0, False.
4564,145.0, False.
4565,131.0, False.
4566,105.0, False.
4567,90.0, False.
4568,124.0, True.
4569,82.0, False.
4570,76.0, False.
4571,98.0, False.
4572,80.0, True.
4573,57.0, False.
4574,137.0, False.
4575,87.0, False.
4576,131.0, True.
4577,158.0, True.
4578,116.0, False.
4579,136.0, False.
4580,149.0, False.
4581,108.0, False.
4582,25.0, False.
4583,104.0, False.
4584,25.0, False.
4585,140.0, False.
4586,46.0, False.
4587,106.0, False.
4588,81.0, False.
4589,33.0, False.
4590,77.0, False.
4591,87.0, False.
4592,72.0, True.
4593,45.0, False.
4594,41.0, False.
4595,122.0, False.
4596,92.0, False.
4597,65.0, True.
4598,57.0, False.
4599,127.0, True.
4600,121.0, False.
4601,117.0, False.
4602,37.0, False.
4603,162.0, False.
4604,193.0, False.
4605,80.0, False.
4606,176.0, False.
4607,76.0, False.
4608,89.0, False.
4609,128.0, False.
4610,138.0, False.
4611,90.0, False.
4612,57.0, False.
4613,177.0, False.
4614,67.0, False.
4615,98.0, False.
4616,140.0, False.
4617,43.0, False.
4618,133.0, False.
4619,166.0, False.
4620,86.0, False.
4621,117.0, False.
4622,86.0, False.
4623,74.0, False.
4624,178.0, True.
4625,95.0, False.
4626,85.0, False.
4627,81.0, False.
4628,41.0, True.
4629,217.0, False.
4630,79.0, False.
4631,15.0, False.
4632,96.0, False.
4633,140.0, False.
4634,102.0, False.
4635,67.0, False.
4636,136.0, True.
4637,105.0, False.
4638,38.0, True.
4639,91.0, False.
4640,110.0, True.
4641,74.0, False.
4642,79.0, False.
4643,114.0, True.
4644,44.0, False.
4645,107.0, False.
4646,104.0, False.
4647,98.0, False.
4648,60.0, False.
4649,138.0, False.
4650,89.0, True.
4651,22.0, False.
4652,69.0, False.
4653,106.0, False.
4654,104.0, False.
4655,174.0, False.
4656,127.0, False.
4657,2.0, False.
4658,91.0, True.
4659,34.0, False.
4660,111.0, False.
4661,110.0, False.
4662,65.0, False.
4663,51.0, False.
4664,64.0, False.
4665,117.0, False.
4666,38.0, False.
4667,112.0, False.
4668,48.0, False.
4669,105.0, False.
4670,140.0, False.
4671,67.0, False.
4672,43.0, False.
4673,185.0, False.
4674,99.0, False.
4675,52.0, False.
4676,200.0, True.
4677,82.0, False.
4678,143.0, True.
4679,71.0, False.
4680,124.0, False.
4681,172.0, False.
4682,97.0, False.
4683,120.0, False.
4684,83.0, False.
4685,92.0, False.
4686,130.0, False.
4687,97.0, True.
4688,53.0, False.
4689,87.0, False.
4690,138.0, False.
4691,136.0, False.
4692,98.0, True.
4693,109.0, False.
4694,84.0, False.
4695,157.0, False.
4696,74.0, False.
4697,66.0, False.
4698,142.0, False.
4699,136.0, False.
4700,75.0, False.
4701,59.0, False.
4702,45.0, False.
4703,48.0, False.
4704,16.0, False.
4705,140.0, False.
4706,108.0, False.
4707,53.0, False.
4708,91.0, False.
4709,105.0, False.
4710,122.0, True.
4711,26.0, False.
4712,129.0, False.
4713,118.0, False.
4714,152.0, False.
4715,51.0, False.
4716,57.0, False.
4717,60.0, False.
4718,103.0, False.
4719,57.0, False.
4720,84.0, False.
4721,166.0, True.
4722,130.0, False.
4723,116.0, False.
4724,51.0, False.
4725,161.0, False.
4726,39.0, False.
4727,130.0, False.
4728,42.0, False.
4729,97.0, False.
4730,127.0, False.
4731,34.0, False.
4732,116.0, False.
4733,158.0, False.
4734,86.0, False.
4735,21.0, True.
4736,78.0, False.
4737,137.0, True.
4738,84.0, False.
4739,132.0, False.
4740,126.0, True.
4741,83.0, False.
4742,49.0, False.
4743,148.0, False.
4744,43.0, True.
4745,78.0, False.
4746,65.0, False.
4747,79.0, False.
4748,76.0, False.
4749,124.0, False.
4750,98.0, False.
4751,142.0, False.
4752,146.0, False.
4753,84.0, False.
4754,200.0, False.
4755,17.0, False.
4756,84.0, False.
4757,67.0, False.
4758,125.0, False.
4759,61.0, False.
4760,103.0, False.
4761,20.0, False.
4762,115.0, False.
4763,139.0, False.
4764,96.0, False.
4765,101.0, False.
4766,86.0, False.
4767,42.0, False.
4768,48.0, False.
4769,134.0, False.
4770,149.0, False.
4771,120.0, False.
4772,62.0, True.
4773,84.0, True.
4774,16.0, False.
4775,80.0, False.
4776,78.0, True.
4777,104.0, False.
4778,102.0, True.
4779,74.0, False.
4780,135.0, False.
4781,55.0, False.
4782,106.0, False.
4783,34.0, False.
4784,100.0, False.
4785,127.0, False.
4786,65.0, False.
4787,109.0, False.
4788,98.0, True.
4789,76.0, False.
4790,141.0, False.
4791,136.0, False.
4792,69.0, False.
4793,42.0, False.
4794,162.0, False.
4795,49.0, False.
4796,103.0, False.
4797,102.0, False.
4798,222.0, True.
4799,100.0, False.
4800,86.0, False.
4801,94.0, False.
4802,106.0, False.
4803,91.0, True.
4804,62.0, False.
4805,47.0, False.
4806,51.0, False.
4807,116.0, False.
4808,145.0, False.
4809,126.0, True.
4810,180.0, False.
4811,67.0, False.
4812,38.0, False.
4813,164.0, False.
4814,119.0, False.
4815,74.0, False.
4816,18.0, False.
4817,93.0, False.
4818,64.0, False.
4819,103.0, False.
4820,121.0, False.
4821,108.0, False.
4822,112.0, False.
4823,77.0, False.
4824,68.0, False.
4825,83.0, True.
4826,87.0, False.
4827,43.0, False.
4828,113.0, False.
4829,95.0, False.
4830,30.0, False.
4831,56.0, False.
4832,172.0, True.
4833,82.0, False.
4834,96.0, False.
4835,95.0, False.
4836,97.0, False.
4837,115.0, True.
4838,94.0, False.
4839,88.0, False.
4840,95.0, False.
4841,90.0, False.
4842,52.0, False.
4843,91.0, False.
4844,163.0, False.
4845,145.0, False.
4846,112.0, False.
4847,116.0, False.
4848,95.0, False.
4849,49.0, False.
4850,121.0, False.
4851,39.0, False.
4852,41.0, False.
4853,60.0, False.
4854,158.0, False.
4855,121.0, False.
4856,14.0, True.
4857,45.0, False.
4858,154.0, False.
4859,95.0, False.
4860,127.0, False.
4861,74.0, True.
4862,26.0, True.
4863,78.0, False.
4864,122.0, False.
4865,101.0, False.
4866,67.0, False.
4867,142.0, False.
4868,183.0, False.
4869,202.0, False.
4870,24.0, False.
4871,36.0, False.
4872,167.0, False.
4873,118.0, False.
4874,136.0, False.
4875,77.0, False.
4876,85.0, False.
4877,133.0, False.
4878,122.0, False.
4879,52.0, False.
4880,136.0, False.
4881,19.0, False.
4882,140.0, False.
4883,119.0, False.
4884,139.0, False.
4885,122.0, False.
4886,80.0, False.
4887,116.0, False.
4888,87.0, False.
4889,7.0, False.
4890,25.0, True.
4891,133.0, False.
4892,63.0, False.
4893,120.0, False.
4894,39.0, False.
4895,132.0, True.
4896,108.0, False.
4897,155.0, False.
4898,152.0, True.
4899,76.0, False.
4900,95.0, False.
4901,120.0, False.
4902,51.0, False.
4903,61.0, False.
4904,17.0, False.
4905,98.0, False.
4906,181.0, False.
4907,114.0, False.
4908,111.0, False.
4909,160.0, False.
4910,58.0, False.
4911,71.0, False.
4912,89.0, False.
4913,71.0, False.
4914,141.0, True.
4915,1.0, False.
4916,50.0, False.
4917,38.0, True.
4918,110.0, True.
4919,77.0, True.
4920,155.0, False.
4921,65.0, True.
4922,102.0, False.
4923,97.0, False.
4924,110.0, True.
4925,109.0, False.
4926,52.0, False.
4927,122.0, False.
4928,121.0, False.
4929,66.0, False.
4930,82.0, False.
4931,129.0, False.
4932,93.0, False.
4933,41.0, False.
4934,120.0, False.
4935,149.0, False.
4936,102.0, False.
4937,62.0, True.
4938,80.0, False.
4939,30.0, True.
4940,89.0, False.
4941,57.0, False.
4942,145.0, False.
4943,132.0, True.
4944,73.0, False.
4945,57.0, False.
4946,175.0, False.
4947,50.0, False.
4948,114.0, True.
4949,154.0, False.
4950,152.0, False.
4951,102.0, False.
4952,110.0, False.
4953,90.0, True.
4954,130.0, False.
4955,88.0, False.
4956,97.0, False.
4957,115.0, False.
4958,88.0, False.
4959,137.0, True.
4960,128.0, False.
4961,71.0, False.
4962,91.0, False.
4963,47.0, False.
4964,126.0, False.
4965,92.0, False.
4966,36.0, False.
4967,122.0, False.
4968,117.0, False.
4969,131.0, False.
4970,133.0, False.
4971,128.0, False.
4972,81.0, False.
4973,81.0, False.
4974,96.0, False.
4975,93.0, False.
4976,145.0, False.
4977,53.0, False.
4978,108.0, False.
4979,52.0, False.
4980,73.0, True.
4981,61.0, False.
4982,86.0, False.
4983,137.0, False.
4984,74.0, False.
4985,118.0, False.
4986,125.0, False.
4987,127.0, False.
4988,80.0, False.
4989,150.0, False.
4990,140.0, True.
4991,97.0, True.
4992,83.0, False.
4993,73.0, False.
4994,75.0, False.
4995,50.0, False.
4996,152.0, True.
4997,61.0, False.
4998,109.0, False.
4999,86.0, False.
